"CODE","NTES_3","NTES_4","NTES_5"
"MK0021012","ИСТОЧЕН","ЧЕШИНОВО - ОБЛЕШЕВО","УЛАРЦИ"
"MK0021013","ИСТОЧЕН","ЧЕШИНОВО - ОБЛЕШЕВО","ЧЕШИНОВО"
"MK0021014","ИСТОЧЕН","ЧЕШИНОВО - ОБЛЕШЕВО","ЧИФЛИК"
"MK0021101","ИСТОЧЕН","ШТИП","БАЛТАЛИЈА"
"MK0030831","ЈУГОЗАПАДЕН","МАКЕДОНСКИ БРОД","ЛОКВИЦА"
"MK0030832","ЈУГОЗАПАДЕН","МАКЕДОНСКИ БРОД","ЛУПШТЕ"
"MK0030833","ЈУГОЗАПАДЕН","МАКЕДОНСКИ БРОД","МАКЕДОНСКИ БРОД"
"MK0030834","ЈУГОЗАПАДЕН","МАКЕДОНСКИ БРОД","МОГИЛЕЦ"
"MK0031247","ЈУГОЗАПАДЕН","СТРУГА","ТАШМАРУНИШТА"
"MK0031248","ЈУГОЗАПАДЕН","СТРУГА","ТОСКА"
"MK0031250","ЈУГОЗАПАДЕН","СТРУГА","ЏЕПИН"
"MK0031251","ЈУГОЗАПАДЕН","СТРУГА","ШУМ"
"MK0031213","ЈУГОЗАПАДЕН","СТРУГА","ДЕЛОГОЖДИ"
"MK0031214","ЈУГОЗАПАДЕН","СТРУГА","ДОБОВЈАНИ"
"MK0031215","ЈУГОЗАПАДЕН","СТРУГА","ДОЛНА БЕЛИЦА"
"MK0031216","ЈУГОЗАПАДЕН","СТРУГА","ДОЛНО ТАТЕШИ"
"MK0031217","ЈУГОЗАПАДЕН","СТРУГА","ДРАСЛАЈЦА"
"MK0031218","ЈУГОЗАПАДЕН","СТРУГА","ДРЕНОК"
"MK0031219","ЈУГОЗАПАДЕН","СТРУГА","ЗАГРАЧАНИ"
"MK0031220","ЈУГОЗАПАДЕН","СТРУГА","ЗБАЖДИ"
"MK0031221","ЈУГОЗАПАДЕН","СТРУГА","ЈАБЛАНИЦА"
"MK0031222","ЈУГОЗАПАДЕН","СТРУГА","КАЛИШТА"
"MK0031223","ЈУГОЗАПАДЕН","СТРУГА","КОРОШИШТА"
"MK0031224","ЈУГОЗАПАДЕН","СТРУГА","ЛАБУНИШТА"
"MK0031225","ЈУГОЗАПАДЕН","СТРУГА","ЛАКАИЦА"
"MK0031226","ЈУГОЗАПАДЕН","СТРУГА","ЛИВАДА"
"MK0031227","ЈУГОЗАПАДЕН","СТРУГА","ЛОЖАНИ"
"MK0031228","ЈУГОЗАПАДЕН","СТРУГА","ЛОКОВ"
"MK0031229","ЈУГОЗАПАДЕН","СТРУГА","ЛУКОВО"
"MK0031230","ЈУГОЗАПАДЕН","СТРУГА","МАЛИ ВЛАЈ"
"MK0031231","ЈУГОЗАПАДЕН","СТРУГА","МИСЛЕШЕВО"
"MK0031232","ЈУГОЗАПАДЕН","СТРУГА","МИСЛОДЕЖДА"
"MK0031233","ЈУГОЗАПАДЕН","СТРУГА","МОДРИЧ"
"MK0031234","ЈУГОЗАПАДЕН","СТРУГА","МОРОИШТА"
"MK0031235","ЈУГОЗАПАДЕН","СТРУГА","НЕРЕЗИ"
"MK0031236","ЈУГОЗАПАДЕН","СТРУГА","НОВО СЕЛО"
"MK0031237","ЈУГОЗАПАДЕН","СТРУГА","ОКТИСИ"
"MK0031238","ЈУГОЗАПАДЕН","СТРУГА","ПИСКУПШТИНА"
"MK0031239","ЈУГОЗАПАДЕН","СТРУГА","ПОДГОРЦИ"
"MK0031241","ЈУГОЗАПАДЕН","СТРУГА","ПРИСОВЈАНИ"
"MK0031245","ЈУГОЗАПАДЕН","СТРУГА","СЕЛЦИ"
"MK0021102","ИСТОЧЕН","ШТИП","БРЕСТ"
"MK0021103","ИСТОЧЕН","ШТИП","ВРСАКОВО"
"MK0021110","ИСТОЧЕН","ШТИП","КАЛАПЕТРОВЦИ"
"MK0021111","ИСТОЧЕН","ШТИП","КОШЕВО"
"MK0021112","ИСТОЧЕН","ШТИП","КРИВИ ДОЛ"
"MK0040204","ЈУГОИСТОЧЕН","БОСИЛОВО","ДРВОШ"
"MK0031246","ЈУГОЗАПАДЕН","СТРУГА","СТРУГА"
"MK0031301","ЈУГОЗАПАДЕН","ЦЕНТАР ЖУПА","БАЈРАМОВЦИ"
"MK0031302","ЈУГОЗАПАДЕН","ЦЕНТАР ЖУПА","БАЛАНЦИ"
"MK0031303","ЈУГОЗАПАДЕН","ЦЕНТАР ЖУПА","БРЕШТАНИ"
"MK0031307","ЈУГОЗАПАДЕН","ЦЕНТАР ЖУПА","ГОРЕНЦИ"
"MK0031308","ЈУГОЗАПАДЕН","ЦЕНТАР ЖУПА","ГОРНО МЕЛНИЧАНИ"
"MK0070302","СЕВЕРОИСТОЧЕН","КУМАНОВО","БЕДИЊЕ"
"MK0031310","ЈУГОЗАПАДЕН","ЦЕНТАР ЖУПА","ДОЛНО МЕЛНИЧАНИ"
"MK0031311","ЈУГОЗАПАДЕН","ЦЕНТАР ЖУПА","ЕВЛА"
"MK0031312","ЈУГОЗАПАДЕН","ЦЕНТАР ЖУПА","ЕЛЕВЦИ"
"MK0050136","ПЕЛАГОНИСКИ","БИТОЛА","ЛИСОЛАЈ"
"MK0050137","ПЕЛАГОНИСКИ","БИТОЛА","ЛОГОВАРДИ"
"MK0050138","ПЕЛАГОНИСКИ","БИТОЛА","ЛОПАТИЦА"
"MK0050139","ПЕЛАГОНИСКИ","БИТОЛА","МАГАРЕВО"
"MK0050140","ПЕЛАГОНИСКИ","БИТОЛА","МАЛОВИШТЕ"
"MK0050141","ПЕЛАГОНИСКИ","БИТОЛА","МЕТИМИР"
"MK0050142","ПЕЛАГОНИСКИ","БИТОЛА","МЕЏИТЛИЈА"
"MK0050143","ПЕЛАГОНИСКИ","БИТОЛА","НИЖЕПОЛЕ"
"MK0050144","ПЕЛАГОНИСКИ","БИТОЛА","НОВО ЗМИРНОВО"
"MK0050145","ПЕЛАГОНИСКИ","БИТОЛА","ОБЛАКОВО"
"MK0050146","ПЕЛАГОНИСКИ","БИТОЛА","ОЛЕВЕНИ"
"MK0050147","ПЕЛАГОНИСКИ","БИТОЛА","ОПТИЧАРИ"
"MK0050148","ПЕЛАГОНИСКИ","БИТОЛА","ОРЕХОВО"
"MK0050149","ПЕЛАГОНИСКИ","БИТОЛА","ОСТРЕЦ"
"MK0050150","ПЕЛАГОНИСКИ","БИТОЛА","ПОЕШЕВО"
"MK0050151","ПЕЛАГОНИСКИ","БИТОЛА","ПОРОДИН"
"MK0050152","ПЕЛАГОНИСКИ","БИТОЛА","РАМНА"
"MK0050153","ПЕЛАГОНИСКИ","БИТОЛА","РАШТАНИ"
"MK0050154","ПЕЛАГОНИСКИ","БИТОЛА","РОТИНО"
"MK0050155","ПЕЛАГОНИСКИ","БИТОЛА","СВИНИШТЕ"
"MK0050156","ПЕЛАГОНИСКИ","БИТОЛА","СЕКИРАНИ"
"MK0050157","ПЕЛАГОНИСКИ","БИТОЛА","СНЕГОВО"
"MK0010430","ВАРДАРСКИ","КАВАДАРЦИ","Р’ЖАНОВО"
"MK0010431","ВАРДАРСКИ","КАВАДАРЦИ","РАДЊА"
"MK0010432","ВАРДАРСКИ","КАВАДАРЦИ","РАЕЦ"
"MK0010433","ВАРДАРСКИ","КАВАДАРЦИ","РЕСАВА"
"MK0010434","ВАРДАРСКИ","КАВАДАРЦИ","РОЖДЕН"
"MK0010435","ВАРДАРСКИ","КАВАДАРЦИ","СОПОТ"
"MK0020932","ИСТОЧЕН","ПРОБИШТИП","СТРМОШ"
"MK0021121","ИСТОЧЕН","ШТИП","ПОЧИВАЛО"
"MK0040101","ЈУГОИСТОЧЕН","БОГДАНЦИ","БОГДАНЦИ"
"MK0040102","ЈУГОИСТОЧЕН","БОГДАНЦИ","ЃАВАТО"
"MK0040103","ЈУГОИСТОЧЕН","БОГДАНЦИ","СЕЛЕМЛИ"
"MK0040104","ЈУГОИСТОЧЕН","БОГДАНЦИ","СТОЈАКОВО"
"MK0040201","ЈУГОИСТОЧЕН","БОСИЛОВО","БОРИЕВО"
"MK0040202","ЈУГОИСТОЧЕН","БОСИЛОВО","БОСИЛОВО"
"MK0040203","ЈУГОИСТОЧЕН","БОСИЛОВО","ГЕЧЕРЛИЈА"
"MK0040205","ЈУГОИСТОЧЕН","БОСИЛОВО","ЕДНОКУЌЕВО"
"MK0040206","ЈУГОИСТОЧЕН","БОСИЛОВО","ИЛОВИЦА"
"MK0040207","ЈУГОИСТОЧЕН","БОСИЛОВО","МОНОСПИТОВО"
"MK0040208","ЈУГОИСТОЧЕН","БОСИЛОВО","ПЕТРАЛИНЦИ"
"MK0040209","ЈУГОИСТОЧЕН","БОСИЛОВО","РАДОВО"
"MK0040210","ЈУГОИСТОЧЕН","БОСИЛОВО","РОБОВО"
"MK0040211","ЈУГОИСТОЧЕН","БОСИЛОВО","САРАЈ"
"MK0040212","ЈУГОИСТОЧЕН","БОСИЛОВО","СЕКИРНИК"
"MK0021113","ИСТОЧЕН","ШТИП","ЛАКАВИЦА"
"MK0021114","ИСТОЧЕН","ШТИП","ЛЕСКОВИЦА"
"MK0021115","ИСТОЧЕН","ШТИП","ЛИПОВ ДОЛ"
"MK0040213","ЈУГОИСТОЧЕН","БОСИЛОВО","СТАРО БАЛДОВЦИ"
"MK0040214","ЈУГОИСТОЧЕН","БОСИЛОВО","ТУРНОВО"
"MK0040215","ЈУГОИСТОЧЕН","БОСИЛОВО","ХАМЗАЛИ"
"MK0040216","ЈУГОИСТОЧЕН","БОСИЛОВО","ШТУКА"
"MK0040301","ЈУГОИСТОЧЕН","ВАЛАНДОВО","АЈРАНЛИ"
"MK0040302","ЈУГОИСТОЧЕН","ВАЛАНДОВО","АРАЗЛИ"
"MK0040303","ЈУГОИСТОЧЕН","ВАЛАНДОВО","БАЈРАМБОС"
"MK0040304","ЈУГОИСТОЧЕН","ВАЛАНДОВО","БАЛИНЦИ"
"MK0021118","ИСТОЧЕН","ШТИП","НОВО СЕЛО"
"MK0021119","ИСТОЧЕН","ШТИП","ПЕНУШ"
"MK0021120","ИСТОЧЕН","ШТИП","ПИПЕРОВО"
"MK0010414","ВАРДАРСКИ","КАВАДАРЦИ","ДОБРОТИНО"
"MK0040514","ЈУГОИСТОЧЕН","ГЕВГЕЛИЈА","ПРДЕЈЦИ"
"MK0040601","ЈУГОИСТОЧЕН","ДОЈРАН","ДУРУТЛИ"
"MK0040602","ЈУГОИСТОЧЕН","ДОЈРАН","ЃОПЧЕЛИ"
"MK0040603","ЈУГОИСТОЧЕН","ДОЈРАН","КУРТАМЗАЛИ"
"MK0040604","ЈУГОИСТОЧЕН","ДОЈРАН","НИКОЛИЌ"
"MK0040605","ЈУГОИСТОЧЕН","ДОЈРАН","НОВ ДОЈРАН"
"MK0040606","ЈУГОИСТОЧЕН","ДОЈРАН","ОРГАНЏАЛИ"
"MK0040607","ЈУГОИСТОЧЕН","ДОЈРАН","СЕВЕНДЕКЛИ"
"MK0040608","ЈУГОИСТОЧЕН","ДОЈРАН","СРЕТЕНОВО"
"MK0040609","ЈУГОИСТОЧЕН","ДОЈРАН","СТАР ДОЈРАН"
"MK0040610","ЈУГОИСТОЧЕН","ДОЈРАН","ФУРКА"
"MK0040611","ЈУГОИСТОЧЕН","ДОЈРАН","ЦРНИЧАНИ"
"MK0050313","ПЕЛАГОНИСКИ","ДОЛНЕНИ","ЖАБЈАНИ"
"MK0050315","ПЕЛАГОНИСКИ","ДОЛНЕНИ","ЗАБРЧАНИ"
"MK0050316","ПЕЛАГОНИСКИ","ДОЛНЕНИ","ЗАПОЛЖАНИ"
"MK0050317","ПЕЛАГОНИСКИ","ДОЛНЕНИ","ЗРЗЕ"
"MK0060813","ПОЛОШКИ","ТЕАРЦЕ","ТЕАРЦЕ"
"MK0050329","ПЕЛАГОНИСКИ","ДОЛНЕНИ","РОПОТОВО"
"MK0050330","ПЕЛАГОНИСКИ","ДОЛНЕНИ","САРАНДИНОВО"
"MK0050331","ПЕЛАГОНИСКИ","ДОЛНЕНИ","СЕКИРЦИ"
"MK0060424","ПОЛОШКИ","ГОСТИВАР","РАВЕН"
"MK0040612","ЈУГОИСТОЧЕН","ДОЈРАН","ЧАУШЛИ"
"MK0040613","ЈУГОИСТОЧЕН","ДОЈРАН","ЏУМАБОС"
"MK0040701","ЈУГОИСТОЧЕН","КОНЧЕ","ГАБРЕВЦИ"
"MK0040702","ЈУГОИСТОЧЕН","КОНЧЕ","ГАРВАН"
"MK0040703","ЈУГОИСТОЧЕН","КОНЧЕ","ГОРНА ВРАШТИЦА"
"MK0040704","ЈУГОИСТОЧЕН","КОНЧЕ","ГОРНИ ЛИПОВИЌ"
"MK0040705","ЈУГОИСТОЧЕН","КОНЧЕ","ДЕДИНО"
"MK0040706","ЈУГОИСТОЧЕН","КОНЧЕ","ДОЛНА ВРАШТИЦА"
"MK0040707","ЈУГОИСТОЧЕН","КОНЧЕ","ДОЛНИ ЛИПОВИЌ"
"MK0040708","ЈУГОИСТОЧЕН","КОНЧЕ","ДОЛНИ РАДЕШ"
"MK0040709","ЈУГОИСТОЧЕН","КОНЧЕ","ЗАГОРЦИ"
"MK0040710","ЈУГОИСТОЧЕН","КОНЧЕ","КОНЧЕ"
"MK0040711","ЈУГОИСТОЧЕН","КОНЧЕ","ЛУБНИЦА"
"MK0040712","ЈУГОИСТОЧЕН","КОНЧЕ","НЕГРЕНОВЦИ"
"MK0040713","ЈУГОИСТОЧЕН","КОНЧЕ","РАКИТЕЦ"
"MK0040714","ЈУГОИСТОЧЕН","КОНЧЕ","СКОРУША"
"MK0040801","ЈУГОИСТОЧЕН","НОВО СЕЛО","БАДОЛЕН"
"MK0040802","ЈУГОИСТОЧЕН","НОВО СЕЛО","БАЈКОВО"
"MK0040305","ЈУГОИСТОЧЕН","ВАЛАНДОВО","БАРАКЛИ"
"MK0040306","ЈУГОИСТОЧЕН","ВАЛАНДОВО","БАШАЛИ"
"MK0040307","ЈУГОИСТОЧЕН","ВАЛАНДОВО","БАШИБОС"
"MK0040308","ЈУГОИСТОЧЕН","ВАЛАНДОВО","БРАЈКОВЦИ"
"MK0040309","ЈУГОИСТОЧЕН","ВАЛАНДОВО","БУЛУНТУЛИ"
"MK0040310","ЈУГОИСТОЧЕН","ВАЛАНДОВО","ВАЛАНДОВО"
"MK0040311","ЈУГОИСТОЧЕН","ВАЛАНДОВО","ВЕЈСЕЛИ"
"MK0040312","ЈУГОИСТОЧЕН","ВАЛАНДОВО","ГРАДЕЦ"
"MK0040313","ЈУГОИСТОЧЕН","ВАЛАНДОВО","ГРЧИШТЕ"
"MK0040314","ЈУГОИСТОЧЕН","ВАЛАНДОВО","ДЕДЕЛИ"
"MK0040315","ЈУГОИСТОЧЕН","ВАЛАНДОВО","ЃУЛЕЛИ"
"MK0040316","ЈУГОИСТОЧЕН","ВАЛАНДОВО","ЈОСИФОВО"
"MK0040317","ЈУГОИСТОЧЕН","ВАЛАНДОВО","КАЗАНДОЛ"
"MK0040318","ЈУГОИСТОЧЕН","ВАЛАНДОВО","КОЧУЛИ"
"MK0040323","ЈУГОИСТОЧЕН","ВАЛАНДОВО","РАБРОВО"
"MK0040324","ЈУГОИСТОЧЕН","ВАЛАНДОВО","СОБРИ"
"MK0040325","ЈУГОИСТОЧЕН","ВАЛАНДОВО","ТАТАРЛИ"
"MK0040326","ЈУГОИСТОЧЕН","ВАЛАНДОВО","ТЕРЗЕЛИ"
"MK0040327","ЈУГОИСТОЧЕН","ВАЛАНДОВО","УДОВО"
"MK0040328","ЈУГОИСТОЧЕН","ВАЛАНДОВО","ЧАЛАКЛИ"
"MK0040329","ЈУГОИСТОЧЕН","ВАЛАНДОВО","ЧЕСТЕВО"
"MK0030771","ЈУГОЗАПАДЕН","КИЧЕВО","СРБЈАНИ"
"MK0030772","ЈУГОЗАПАДЕН","КИЧЕВО","СТАРОЕЦ"
"MK0030773","ЈУГОЗАПАДЕН","КИЧЕВО","СТРЕЛЦИ"
"MK0030774","ЈУГОЗАПАДЕН","КИЧЕВО","ТАЈМИШТЕ"
"MK0030776","ЈУГОЗАПАДЕН","КИЧЕВО","ЦЕР"
"MK0030777","ЈУГОЗАПАДЕН","КИЧЕВО","ЦРВИВЦИ"
"MK0030778","ЈУГОЗАПАДЕН","КИЧЕВО","ЧЕЛОПЕЦИ"
"MK0030803","ЈУГОЗАПАДЕН","МАКЕДОНСКИ БРОД","БИТОВО"
"MK0030804","ЈУГОЗАПАДЕН","МАКЕДОНСКИ БРОД","БЛИЗАНСКО"
"MK0030805","ЈУГОЗАПАДЕН","МАКЕДОНСКИ БРОД","БРЕЗНИЦА"
"MK0030806","ЈУГОЗАПАДЕН","МАКЕДОНСКИ БРОД","БРЕСТ"
"MK0030807","ЈУГОЗАПАДЕН","МАКЕДОНСКИ БРОД","ВИР"
"MK0030808","ЈУГОЗАПАДЕН","МАКЕДОНСКИ БРОД","ВОЛЧЕ"
"MK0060434","ПОЛОШКИ","ГОСТИВАР","ЧАЈЛЕ"
"MK0030809","ЈУГОЗАПАДЕН","МАКЕДОНСКИ БРОД","ГОРНИ МАНАСТИРЕЦ"
"MK0030810","ЈУГОЗАПАДЕН","МАКЕДОНСКИ БРОД","ГОРНО БОТУШЈЕ"
"MK0030811","ЈУГОЗАПАДЕН","МАКЕДОНСКИ БРОД","ГОРНО КРУШЈЕ"
"MK0030812","ЈУГОЗАПАДЕН","МАКЕДОНСКИ БРОД","ГРЕШНИЦА"
"MK0030813","ЈУГОЗАПАДЕН","МАКЕДОНСКИ БРОД","ДЕВИЧ"
"MK0030814","ЈУГОЗАПАДЕН","МАКЕДОНСКИ БРОД","ДОЛНИ МАНАСТИРЕЦ"
"MK0030815","ЈУГОЗАПАДЕН","МАКЕДОНСКИ БРОД","ДОЛНО БОТУШЈЕ"
"MK0020903","ИСТОЧЕН","ПРОБИШТИП","ГАЈРАНЦИ"
"MK0020904","ИСТОЧЕН","ПРОБИШТИП","ГОРНИ СТУБОЛ"
"MK0020905","ИСТОЧЕН","ПРОБИШТИП","ГОРНО БАРБАРЕВО"
"MK0020906","ИСТОЧЕН","ПРОБИШТИП","ГРИЗИЛЕВЦИ"
"MK0020907","ИСТОЧЕН","ПРОБИШТИП","ГУЈНОВЦИ"
"MK0020908","ИСТОЧЕН","ПРОБИШТИП","ДОБРЕВО"
"MK0020909","ИСТОЧЕН","ПРОБИШТИП","ДОЛНИ СТУБОЛ"
"MK0020910","ИСТОЧЕН","ПРОБИШТИП","ДОЛНО БАРБАРЕВО"
"MK0021127","ИСТОЧЕН","ШТИП","СТАР КАРАОРМАН"
"MK0021128","ИСТОЧЕН","ШТИП","СТЕПАНЦИ"
"MK0021129","ИСТОЧЕН","ШТИП","СУВО ГРЛО"
"MK0021130","ИСТОЧЕН","ШТИП","СУДИЌ"
"MK0021131","ИСТОЧЕН","ШТИП","СУШЕВО"
"MK0021132","ИСТОЧЕН","ШТИП","ТАНАТАРЦИ"
"MK0021133","ИСТОЧЕН","ШТИП","ТЕСТЕМЕЛЦИ"
"MK0021134","ИСТОЧЕН","ШТИП","ТОПЛИЌ"
"MK0010437","ВАРДАРСКИ","КАВАДАРЦИ","ФАРИШ"
"MK0050741","ПЕЛАГОНИСКИ","НОВАЦИ","ТЕПАВЦИ"
"MK0050801","ПЕЛАГОНИСКИ","ПРИЛЕП","АЛИНЦИ"
"MK0050802","ПЕЛАГОНИСКИ","ПРИЛЕП","БЕЛОВОДИЦА"
"MK0050803","ПЕЛАГОНИСКИ","ПРИЛЕП","БЕРОВЦИ"
"MK0050804","ПЕЛАГОНИСКИ","ПРИЛЕП","БЕШИШТЕ"
"MK0050806","ПЕЛАГОНИСКИ","ПРИЛЕП","ВЕПРЧАНИ"
"MK0050807","ПЕЛАГОНИСКИ","ПРИЛЕП","ВЕСЕЛЧАНИ"
"MK0050808","ПЕЛАГОНИСКИ","ПРИЛЕП","ВИТОЛИШТЕ"
"MK0050810","ПЕЛАГОНИСКИ","ПРИЛЕП","ВРПСКО"
"MK0050832","ПЕЛАГОНИСКИ","ПРИЛЕП","МАЛО КОЊАРИ"
"MK0050833","ПЕЛАГОНИСКИ","ПРИЛЕП","МАЛО РУВЦИ"
"MK0050835","ПЕЛАГОНИСКИ","ПРИЛЕП","МАРУЛ"
"MK0050836","ПЕЛАГОНИСКИ","ПРИЛЕП","НИКОДИН"
"MK0050837","ПЕЛАГОНИСКИ","ПРИЛЕП","НОВО ЛАГОВО"
"MK0050838","ПЕЛАГОНИСКИ","ПРИЛЕП","ОРЕОВЕЦ"
"MK0050839","ПЕЛАГОНИСКИ","ПРИЛЕП","ПЕШТАНИ"
"MK0050840","ПЕЛАГОНИСКИ","ПРИЛЕП","ПЛЕТВАР"
"MK0050841","ПЕЛАГОНИСКИ","ПРИЛЕП","ПОДМОЛ"
"MK0050842","ПЕЛАГОНИСКИ","ПРИЛЕП","ПОЛЧИШТЕ"
"MK0050843","ПЕЛАГОНИСКИ","ПРИЛЕП","ПРИЛЕП"
"MK0050844","ПЕЛАГОНИСКИ","ПРИЛЕП","ПРИЛЕПЕЦ"
"MK0050845","ПЕЛАГОНИСКИ","ПРИЛЕП","ПРИСАД"
"MK0050846","ПЕЛАГОНИСКИ","ПРИЛЕП","РАКЛЕ"
"MK0050847","ПЕЛАГОНИСКИ","ПРИЛЕП","СЕЛЦЕ"
"MK0050848","ПЕЛАГОНИСКИ","ПРИЛЕП","СМОЛАНИ"
"MK0050849","ПЕЛАГОНИСКИ","ПРИЛЕП","СТАРО ЛАГОВО"
"MK0050850","ПЕЛАГОНИСКИ","ПРИЛЕП","ТОПЛИЦА"
"MK0050851","ПЕЛАГОНИСКИ","ПРИЛЕП","ТОПОЛЧАНИ"
"MK0050852","ПЕЛАГОНИСКИ","ПРИЛЕП","ТРОЈАЦИ"
"MK0050853","ПЕЛАГОНИСКИ","ПРИЛЕП","ТРОЈКРСТИ"
"MK0050854","ПЕЛАГОНИСКИ","ПРИЛЕП","ЦАРЕВИЌ"
"MK0050855","ПЕЛАГОНИСКИ","ПРИЛЕП","ЧАНИШТЕ"
"MK0050158","ПЕЛАГОНИСКИ","БИТОЛА","СРЕДНО ЕГРИ"
"MK0010402","ВАРДАРСКИ","КАВАДАРЦИ","БОЈАНЧИШТЕ"
"MK0010404","ВАРДАРСКИ","КАВАДАРЦИ","БРУШАНИ"
"MK0010405","ВАРДАРСКИ","КАВАДАРЦИ","БУНАРЧЕ"
"MK0010406","ВАРДАРСКИ","КАВАДАРЦИ","ВАТАША"
"MK0010407","ВАРДАРСКИ","КАВАДАРЦИ","ВОЗАРЦИ"
"MK0010408","ВАРДАРСКИ","КАВАДАРЦИ","ГАЛИШТЕ"
"MK0010409","ВАРДАРСКИ","КАВАДАРЦИ","ГАРНИКОВО"
"MK0010410","ВАРДАРСКИ","КАВАДАРЦИ","ГЛИШИЌ"
"MK0010411","ВАРДАРСКИ","КАВАДАРЦИ","ГОРНА БОШАВА"
"MK0050164","ПЕЛАГОНИСКИ","БИТОЛА","ЦАПАРИ"
"MK0050165","ПЕЛАГОНИСКИ","БИТОЛА","ЦРНОБУКИ"
"MK0020911","ИСТОЧЕН","ПРОБИШТИП","ДРЕВЕНО"
"MK0020912","ИСТОЧЕН","ПРОБИШТИП","ДРЕНОК"
"MK0020913","ИСТОЧЕН","ПРОБИШТИП","ЗАРЕПИНЦИ"
"MK0020914","ИСТОЧЕН","ПРОБИШТИП","ЗЕЛЕНГРАД"
"MK0020915","ИСТОЧЕН","ПРОБИШТИП","ЗЛЕТОВО"
"MK0020916","ИСТОЧЕН","ПРОБИШТИП","ЈАМИШТЕ"
"MK0020917","ИСТОЧЕН","ПРОБИШТИП","КАЛНИШТЕ"
"MK0020918","ИСТОЧЕН","ПРОБИШТИП","КУКОВО"
"MK0020919","ИСТОЧЕН","ПРОБИШТИП","КУНДИНО"
"MK0020920","ИСТОЧЕН","ПРОБИШТИП","ЛЕЗОВО"
"MK0020922","ИСТОЧЕН","ПРОБИШТИП","МАРЧИНО"
"MK0020923","ИСТОЧЕН","ПРОБИШТИП","НЕОКАЗИ"
"MK0020924","ИСТОЧЕН","ПРОБИШТИП","ПЕСТРШИНО"
"MK0020925","ИСТОЧЕН","ПРОБИШТИП","ПЕТРИШИНО"
"MK0020926","ИСТОЧЕН","ПРОБИШТИП","ПИШИЦА"
"MK0060504","ПОЛОШКИ","ЖЕЛИНО","ДОЛНА ЛЕШНИЦА"
"MK0060505","ПОЛОШКИ","ЖЕЛИНО","ЖЕЛИНО"
"MK0060506","ПОЛОШКИ","ЖЕЛИНО","КОПАЧИН ДОЛ"
"MK0050925","ПЕЛАГОНИСКИ","РЕСЕН","ЛАВЦИ"
"MK0050926","ПЕЛАГОНИСКИ","РЕСЕН","ЛЕВА РЕКА"
"MK0050927","ПЕЛАГОНИСКИ","РЕСЕН","ЛЕСКОЕЦ"
"MK0040803","ЈУГОИСТОЧЕН","НОВО СЕЛО","БАРБАРЕВО"
"MK0040804","ЈУГОИСТОЧЕН","НОВО СЕЛО","БОРИСОВО"
"MK0040805","ЈУГОИСТОЧЕН","НОВО СЕЛО","ДРАЖЕВО"
"MK0040806","ЈУГОИСТОЧЕН","НОВО СЕЛО","ЗУБОВО"
"MK0010415","ВАРДАРСКИ","КАВАДАРЦИ","ДОЛНА БОШАВА"
"MK0010416","ВАРДАРСКИ","КАВАДАРЦИ","ДРАГОЖЕЛ"
"MK0010417","ВАРДАРСКИ","КАВАДАРЦИ","ДРАДЊА"
"MK0010418","ВАРДАРСКИ","КАВАДАРЦИ","ДРЕНОВО"
"MK0010419","ВАРДАРСКИ","КАВАДАРЦИ","КАВАДАРЦИ"
"MK0010420","ВАРДАРСКИ","КАВАДАРЦИ","КЕСЕНДРЕ"
"MK0010421","ВАРДАРСКИ","КАВАДАРЦИ","КЛИНОВО"
"MK0031013","ЈУГОЗАПАДЕН","ОХРИД","ЛЕСКОЕЦ"
"MK0040807","ЈУГОИСТОЧЕН","НОВО СЕЛО","КОЛЕШИНО"
"MK0040808","ЈУГОИСТОЧЕН","НОВО СЕЛО","МОКРИЕВО"
"MK0040811","ЈУГОИСТОЧЕН","НОВО СЕЛО","НОВО СЕЛО"
"MK0040812","ЈУГОИСТОЧЕН","НОВО СЕЛО","САМОИЛОВО"
"MK0040813","ЈУГОИСТОЧЕН","НОВО СЕЛО","СМОЛАРИ"
"MK0041005","ЈУГОИСТОЧЕН","СТРУМИЦА","ВОДОЧА"
"MK0041006","ЈУГОИСТОЧЕН","СТРУМИЦА","ГАБРОВО"
"MK0041007","ЈУГОИСТОЧЕН","СТРУМИЦА","ГРАДСКО БАЛДОВЦИ"
"MK0050105","ПЕЛАГОНИСКИ","БИТОЛА","БРУСНИК"
"MK0050106","ПЕЛАГОНИСКИ","БИТОЛА","БУКОВО"
"MK0050107","ПЕЛАГОНИСКИ","БИТОЛА","ВЕЛУШИНА"
"MK0050162","ПЕЛАГОНИСКИ","БИТОЛА","ТРН"
"MK0040814","ЈУГОИСТОЧЕН","НОВО СЕЛО","СТАРО КОЊАРЕВО"
"MK0040815","ЈУГОИСТОЧЕН","НОВО СЕЛО","СТИНИК"
"MK0020301","ИСТОЧЕН","ДЕЛЧЕВО","БИГЛА"
"MK0040816","ЈУГОИСТОЧЕН","НОВО СЕЛО","СУШИЦА"
"MK0040901","ЈУГОИСТОЧЕН","РАДОВИШ","АЛИ КОЧ"
"MK0040902","ЈУГОИСТОЧЕН","РАДОВИШ","АЛИ ЛОБАСИ"
"MK0040903","ЈУГОИСТОЧЕН","РАДОВИШ","БУЧИМ"
"MK0020302","ИСТОЧЕН","ДЕЛЧЕВО","ВЕТРЕН"
"MK0020303","ИСТОЧЕН","ДЕЛЧЕВО","ВИРЧЕ"
"MK0020304","ИСТОЧЕН","ДЕЛЧЕВО","ВРАТИСЛАВЦИ"
"MK0020305","ИСТОЧЕН","ДЕЛЧЕВО","ГАБРОВО"
"MK0020306","ИСТОЧЕН","ДЕЛЧЕВО","ГРАД"
"MK0020307","ИСТОЧЕН","ДЕЛЧЕВО","ДЕЛЧЕВО"
"MK0020308","ИСТОЧЕН","ДЕЛЧЕВО","ДРАМЧЕ"
"MK0020309","ИСТОЧЕН","ДЕЛЧЕВО","ЗВЕГОР"
"MK0020310","ИСТОЧЕН","ДЕЛЧЕВО","ИЛИОВО"
"MK0020311","ИСТОЧЕН","ДЕЛЧЕВО","КИСЕЛИЦА"
"MK0040904","ЈУГОИСТОЧЕН","РАДОВИШ","ВОИСЛАВЦИ"
"MK0040906","ЈУГОИСТОЧЕН","РАДОВИШ","ДРЖАНИ"
"MK0040907","ЈУГОИСТОЧЕН","РАДОВИШ","ДУРУТЛИЈА"
"MK0040908","ЈУГОИСТОЧЕН","РАДОВИШ","ЗЛЕОВО"
"MK0040909","ЈУГОИСТОЧЕН","РАДОВИШ","ИЊЕВО"
"MK0040910","ЈУГОИСТОЧЕН","РАДОВИШ","ЈАРГУЛИЦА"
"MK0040911","ЈУГОИСТОЧЕН","РАДОВИШ","КАЛАУЗЛИЈА"
"MK0010422","ВАРДАРСКИ","КАВАДАРЦИ","КОНОПИШТЕ"
"MK0010423","ВАРДАРСКИ","КАВАДАРЦИ","КОШАНИ"
"MK0010424","ВАРДАРСКИ","КАВАДАРЦИ","КРЊЕВО"
"MK0010425","ВАРДАРСКИ","КАВАДАРЦИ","КУМАНИЧЕВО"
"MK0010426","ВАРДАРСКИ","КАВАДАРЦИ","МАЈДЕН"
"MK0040913","ЈУГОИСТОЧЕН","РАДОВИШ","КАРАЛОБОСИ"
"MK0040914","ЈУГОИСТОЧЕН","РАДОВИШ","КАРАЏАЛАР"
"MK0040915","ЈУГОИСТОЧЕН","РАДОВИШ","КОЗБУНАР"
"MK0040916","ЈУГОИСТОЧЕН","РАДОВИШ","КОЏАЛИЈА"
"MK0040917","ЈУГОИСТОЧЕН","РАДОВИШ","НОВО СЕЛО"
"MK0040918","ЈУГОИСТОЧЕН","РАДОВИШ","ОРАОВИЦА"
"MK0040919","ЈУГОИСТОЧЕН","РАДОВИШ","ПАПАВНИЦА"
"MK0040920","ЈУГОИСТОЧЕН","РАДОВИШ","ПОГУЛЕВО"
"MK0040921","ЈУГОИСТОЧЕН","РАДОВИШ","ПОДАРЕШ"
"MK0040922","ЈУГОИСТОЧЕН","РАДОВИШ","ПОКРАЈЧЕВО"
"MK0040923","ЈУГОИСТОЧЕН","РАДОВИШ","ПРНАЛИЈА"
"MK0040924","ЈУГОИСТОЧЕН","РАДОВИШ","РАДОВИШ"
"MK0040925","ЈУГОИСТОЧЕН","РАДОВИШ","РАКЛИШ"
"MK0040926","ЈУГОИСТОЧЕН","РАДОВИШ","САРИЃОЛ"
"MK0040927","ЈУГОИСТОЧЕН","РАДОВИШ","СМИЛАНЦИ"
"MK0040928","ЈУГОИСТОЧЕН","РАДОВИШ","СУЛДУРЦИ"
"MK0040929","ЈУГОИСТОЧЕН","РАДОВИШ","СУПУРГЕ"
"MK0040930","ЈУГОИСТОЧЕН","РАДОВИШ","ТОПОЛНИЦА"
"MK0040931","ЈУГОИСТОЧЕН","РАДОВИШ","ЌОСЕЛИЈА"
"MK0040932","ЈУГОИСТОЧЕН","РАДОВИШ","ХУДАВЕРЛИЈА"
"MK0040933","ЈУГОИСТОЧЕН","РАДОВИШ","ЧЕШМЕ МААЛЕ"
"MK0040934","ЈУГОИСТОЧЕН","РАДОВИШ","ШАИНТАШ"
"MK0040935","ЈУГОИСТОЧЕН","РАДОВИШ","ШИПКОВИЦА"
"MK0040936","ЈУГОИСТОЧЕН","РАДОВИШ","ШТУРОВО"
"MK0041001","ЈУГОИСТОЧЕН","СТРУМИЦА","БАНИЦА"
"MK0041002","ЈУГОИСТОЧЕН","СТРУМИЦА","БАНСКО"
"MK0041003","ЈУГОИСТОЧЕН","СТРУМИЦА","БЕЛОТИНО"
"MK0041004","ЈУГОИСТОЧЕН","СТРУМИЦА","ВЕЉУСА"
"MK0041008","ЈУГОИСТОЧЕН","СТРУМИЦА","ДАБИЉЕ"
"MK0041009","ЈУГОИСТОЧЕН","СТРУМИЦА","ДОБРЕЈЦИ"
"MK0050218","ПЕЛАГОНИСКИ","ДЕМИР ХИСАР","ЗАГОРИЧЕ"
"MK0050219","ПЕЛАГОНИСКИ","ДЕМИР ХИСАР","ЗАШЛЕ"
"MK0050220","ПЕЛАГОНИСКИ","ДЕМИР ХИСАР","КОЧИШТЕ"
"MK0050221","ПЕЛАГОНИСКИ","ДЕМИР ХИСАР","КУТРЕТИНО"
"MK0050222","ПЕЛАГОНИСКИ","ДЕМИР ХИСАР","ЛЕСКОВО"
"MK0050215","ПЕЛАГОНИСКИ","ДЕМИР ХИСАР","ЖВАН"
"MK0050216","ПЕЛАГОНИСКИ","ДЕМИР ХИСАР","ЖЕЛЕЗНЕЦ"
"MK0050217","ПЕЛАГОНИСКИ","ДЕМИР ХИСАР","ЖУРЧЕ"
"MK0041025","ЈУГОИСТОЧЕН","СТРУМИЦА","ЧЕПЕЛИ"
"MK0050101","ПЕЛАГОНИСКИ","БИТОЛА","БАРЕШАНИ"
"MK0050102","ПЕЛАГОНИСКИ","БИТОЛА","БИСТРИЦА"
"MK0050103","ПЕЛАГОНИСКИ","БИТОЛА","БИТОЛА"
"MK0050104","ПЕЛАГОНИСКИ","БИТОЛА","БРАТИН ДОЛ"
"MK0010427","ВАРДАРСКИ","КАВАДАРЦИ","МАРЕНА"
"MK0010428","ВАРДАРСКИ","КАВАДАРЦИ","МРЕЖИЧКО"
"MK0010429","ВАРДАРСКИ","КАВАДАРЦИ","ПРАВЕДНИК"
"MK0050108","ПЕЛАГОНИСКИ","БИТОЛА","ГАБАЛАВЦИ"
"MK0050109","ПЕЛАГОНИСКИ","БИТОЛА","ГОПЕШ"
"MK0050110","ПЕЛАГОНИСКИ","БИТОЛА","ГОРНО ЕГРИ"
"MK0050111","ПЕЛАГОНИСКИ","БИТОЛА","ГОРНО ОРИЗАРИ"
"MK0050113","ПЕЛАГОНИСКИ","БИТОЛА","ДИХОВО"
"MK0050114","ПЕЛАГОНИСКИ","БИТОЛА","ДОЛЕНЦИ"
"MK0050115","ПЕЛАГОНИСКИ","БИТОЛА","ДОЛНО ЕГРИ"
"MK0050116","ПЕЛАГОНИСКИ","БИТОЛА","ДОЛНО ОРИЗАРИ"
"MK0050117","ПЕЛАГОНИСКИ","БИТОЛА","ДРАГАРИНО"
"MK0050118","ПЕЛАГОНИСКИ","БИТОЛА","ДРАГОЖАНИ"
"MK0050119","ПЕЛАГОНИСКИ","БИТОЛА","ДРАГОШ"
"MK0050120","ПЕЛАГОНИСКИ","БИТОЛА","ДРЕВЕНИК"
"MK0050121","ПЕЛАГОНИСКИ","БИТОЛА","ЃАВАТО"
"MK0050122","ПЕЛАГОНИСКИ","БИТОЛА","ЖАБЕНИ"
"MK0050123","ПЕЛАГОНИСКИ","БИТОЛА","ЗЛОКУЌАНИ"
"MK0050124","ПЕЛАГОНИСКИ","БИТОЛА","КАЖАНИ"
"MK0050125","ПЕЛАГОНИСКИ","БИТОЛА","КАНИНО"
"MK0050126","ПЕЛАГОНИСКИ","БИТОЛА","КАРАМАНИ"
"MK0050127","ПЕЛАГОНИСКИ","БИТОЛА","КИШАВА"
"MK0050128","ПЕЛАГОНИСКИ","БИТОЛА","КРАВАРИ"
"MK0050129","ПЕЛАГОНИСКИ","БИТОЛА","КРЕМЕНИЦА"
"MK0050133","ПЕЛАГОНИСКИ","БИТОЛА","ЛАВЦИ"
"MK0050134","ПЕЛАГОНИСКИ","БИТОЛА","ЛАЖЕЦ"
"MK0050620","ПЕЛАГОНИСКИ","МОГИЛА","СВЕТО ТОДОРИ"
"MK0050622","ПЕЛАГОНИСКИ","МОГИЛА","ТРНОВЦИ"
"MK0050623","ПЕЛАГОНИСКИ","МОГИЛА","ЦРНИЧАНИ"
"MK0050512","ПЕЛАГОНИСКИ","КРУШЕВО","МИЛОШЕВО"
"MK0050513","ПЕЛАГОНИСКИ","КРУШЕВО","НОРОВО"
"MK0050514","ПЕЛАГОНИСКИ","КРУШЕВО","ОСТРИЛЦИ"
"MK0050515","ПЕЛАГОНИСКИ","КРУШЕВО","ПРЕСИЛ"
"MK0050737","ПЕЛАГОНИСКИ","НОВАЦИ","СЛИВИЦА"
"MK0050738","ПЕЛАГОНИСКИ","НОВАЦИ","СОВИЌ"
"MK0050739","ПЕЛАГОНИСКИ","НОВАЦИ","СТАРАВИНА"
"MK0050740","ПЕЛАГОНИСКИ","НОВАЦИ","СУВО ДОЛ"
"MK0021125","ИСТОЧЕН","ШТИП","СКАНДАЛЦИ"
"MK0021126","ИСТОЧЕН","ШТИП","СОФИЛАРИ"
"MK0010941","ВАРДАРСКИ","ЧАШКА","ЦРЕШНЕВО"
"MK0010942","ВАРДАРСКИ","ЧАШКА","ЧАШКА"
"MK0010201","ВАРДАРСКИ","ГРАДСКО","ВИНИЧАНИ"
"MK0010215","ВАРДАРСКИ","ГРАДСКО","УБОГО"
"MK0020312","ИСТОЧЕН","ДЕЛЧЕВО","КОСОВО ДАБЈЕ"
"MK0020313","ИСТОЧЕН","ДЕЛЧЕВО","НОВ ИСТЕВНИК"
"MK0020314","ИСТОЧЕН","ДЕЛЧЕВО","ОЧИПАЛА"
"MK0020315","ИСТОЧЕН","ДЕЛЧЕВО","ПОЛЕТО"
"MK0020316","ИСТОЧЕН","ДЕЛЧЕВО","РАЗЛОВЦИ"
"MK0020317","ИСТОЧЕН","ДЕЛЧЕВО","СЕЛНИК"
"MK0020318","ИСТОЧЕН","ДЕЛЧЕВО","СТАМЕР"
"MK0020319","ИСТОЧЕН","ДЕЛЧЕВО","СТАР ИСТЕВНИК"
"MK0020320","ИСТОЧЕН","ДЕЛЧЕВО","ТРАБОТИВИШТЕ"
"MK0020321","ИСТОЧЕН","ДЕЛЧЕВО","ТУРИЈА"
"MK0020322","ИСТОЧЕН","ДЕЛЧЕВО","ЧИФЛИК"
"MK0021107","ИСТОЧЕН","ШТИП","ДРАГОЕВО"
"MK0021108","ИСТОЧЕН","ШТИП","ЕДЕКЛЕРЦИ"
"MK0021109","ИСТОЧЕН","ШТИП","ЈАМУЛАРЦИ"
"MK0030759","ЈУГОЗАПАДЕН","КИЧЕВО","ПОДВИС"
"MK0030760","ЈУГОЗАПАДЕН","КИЧЕВО","ПОПОВЈАНИ"
"MK0030761","ЈУГОЗАПАДЕН","КИЧЕВО","ПОПОЕЦ"
"MK0030753","ЈУГОЗАПАДЕН","КИЧЕВО","МИОКАЗИ"
"MK0030754","ЈУГОЗАПАДЕН","КИЧЕВО","НОВО СЕЛО"
"MK0030755","ЈУГОЗАПАДЕН","КИЧЕВО","ОРЛАНЦИ"
"MK0030756","ЈУГОЗАПАДЕН","КИЧЕВО","ОСЛОМЕЈ"
"MK0030757","ЈУГОЗАПАДЕН","КИЧЕВО","ПАПРАДИШТЕ"
"MK0030762","ЈУГОЗАПАДЕН","КИЧЕВО","ПОПОЛЖАНИ"
"MK0030763","ЈУГОЗАПАДЕН","КИЧЕВО","ПРЕМКА"
"MK0030764","ЈУГОЗАПАДЕН","КИЧЕВО","ПРОСТРАЊЕ"
"MK0030765","ЈУГОЗАПАДЕН","КИЧЕВО","РАБЕТИНО"
"MK0030766","ЈУГОЗАПАДЕН","КИЧЕВО","РЕЧАНИ - ЗАЈАСКО"
"MK0030767","ЈУГОЗАПАДЕН","КИЧЕВО","РЕЧАНИ - ЧЕЛОПЕЧКО"
"MK0030768","ЈУГОЗАПАДЕН","КИЧЕВО","СВЕТОРАЧЕ"
"MK0030769","ЈУГОЗАПАДЕН","КИЧЕВО","СВИЊИШТЕ"
"MK0030770","ЈУГОЗАПАДЕН","КИЧЕВО","СРБИЦА"
"MK0020703","ИСТОЧЕН","МАКЕДОНСКА КАМЕНИЦА","КОСТИН ДОЛ"
"MK0020704","ИСТОЧЕН","МАКЕДОНСКА КАМЕНИЦА","ЛУКОВИЦА"
"MK0020705","ИСТОЧЕН","МАКЕДОНСКА КАМЕНИЦА","МАКЕДОНСКА КАМЕНИЦА"
"MK0020706","ИСТОЧЕН","МАКЕДОНСКА КАМЕНИЦА","МОШТИЦА"
"MK0020707","ИСТОЧЕН","МАКЕДОНСКА КАМЕНИЦА","САСА"
"MK0020709","ИСТОЧЕН","МАКЕДОНСКА КАМЕНИЦА","ЦЕРА"
"MK0010507","ВАРДАРСКИ","ЛОЗОВО","КИШИНО"
"MK0010619","ВАРДАРСКИ","НЕГОТИНО","ШЕОБА"
"MK0010125","ВАРДАРСКИ","ВЕЛЕС","СОЈАКЛАРИ"
"MK0010127","ВАРДАРСКИ","ВЕЛЕС","ЦРКВИНО"
"MK0010128","ВАРДАРСКИ","ВЕЛЕС","ЧАЛОШЕВО"
"MK0010129","ВАРДАРСКИ","ВЕЛЕС","ЏИДИМИРЦИ"
"MK0010502","ВАРДАРСКИ","ЛОЗОВО","АЏИМАТОВО"
"MK0010910","ВАРДАРСКИ","ЧАШКА","ГОРНО ВРАНОВЦИ"
"MK0010911","ВАРДАРСКИ","ЧАШКА","ГОРНО ЈАБОЛЧИШТЕ"
"MK0010912","ВАРДАРСКИ","ЧАШКА","ДОЛНО ВРАНОВЦИ"
"MK0010913","ВАРДАРСКИ","ЧАШКА","ДОЛНО ЈАБОЛЧИШТЕ"
"MK0010914","ВАРДАРСКИ","ЧАШКА","ДРЕНОВО"
"MK0020601","ИСТОЧЕН","КОЧАНИ","БЕЗИКОВО"
"MK0020603","ИСТОЧЕН","КОЧАНИ","ВРАНИНЦИ"
"MK0040509","ЈУГОИСТОЧЕН","ГЕВГЕЛИЈА","МОИН"
"MK0020604","ИСТОЧЕН","КОЧАНИ","ГЛАВОВИЦА"
"MK0020605","ИСТОЧЕН","КОЧАНИ","ГОРНИ ПОДЛОГ"
"MK0020606","ИСТОЧЕН","КОЧАНИ","ГОРНО ГРАДЧЕ"
"MK0020607","ИСТОЧЕН","КОЧАНИ","ГРДОВЦИ"
"MK0020608","ИСТОЧЕН","КОЧАНИ","ДОЛНИ ПОДЛОГ"
"MK0020609","ИСТОЧЕН","КОЧАНИ","ДОЛНО ГРАДЧЕ"
"MK0050621","ПЕЛАГОНИСКИ","МОГИЛА","ТРАП"
"MK0021139","ИСТОЧЕН","ШТИП","ЦРЕШКА"
"MK0021140","ИСТОЧЕН","ШТИП","ЧАРДАКЛИЈА"
"MK0021141","ИСТОЧЕН","ШТИП","ЧИФЛИК"
"MK0021142","ИСТОЧЕН","ШТИП","ШАШАВАРЛИЈА"
"MK0021143","ИСТОЧЕН","ШТИП","ШОПУР"
"MK0021144","ИСТОЧЕН","ШТИП","ШТИП"
"MK0030101","ЈУГОЗАПАДЕН","ВЕВЧАНИ","ВЕВЧАНИ"
"MK0030775","ЈУГОЗАПАДЕН","КИЧЕВО","ТУИН"
"MK0030301","ЈУГОЗАПАДЕН","ДЕБАР","БАНИШТЕ"
"MK0030302","ЈУГОЗАПАДЕН","ДЕБАР","БОМОВО"
"MK0030304","ЈУГОЗАПАДЕН","ДЕБАР","ГОРНО КОСОВРАСТИ"
"MK0030305","ЈУГОЗАПАДЕН","ДЕБАР","ДЕБАР"
"MK0010615","ВАРДАРСКИ","НЕГОТИНО","ТИМЈАНИК"
"MK0010616","ВАРДАРСКИ","НЕГОТИНО","ТРЕМНИК"
"MK0030306","ЈУГОЗАПАДЕН","ДЕБАР","ДОЛНО КОСОВРАСТИ"
"MK0030307","ЈУГОЗАПАДЕН","ДЕБАР","КОЊАРИ"
"MK0030308","ЈУГОЗАПАДЕН","ДЕБАР","КРИВЦИ"
"MK0030309","ЈУГОЗАПАДЕН","ДЕБАР","МОГОРЧЕ"
"MK0030310","ЈУГОЗАПАДЕН","ДЕБАР","ОСОЈ"
"MK0030311","ЈУГОЗАПАДЕН","ДЕБАР","ОТИШАНИ"
"MK0030312","ЈУГОЗАПАДЕН","ДЕБАР","РАЈЧИЦА"
"MK0030313","ЈУГОЗАПАДЕН","ДЕБАР","СЕЛОКУЌИ"
"MK0030314","ЈУГОЗАПАДЕН","ДЕБАР","СПАС"
"MK0030315","ЈУГОЗАПАДЕН","ДЕБАР","ТАТАР ЕЛЕВЦИ"
"MK0030316","ЈУГОЗАПАДЕН","ДЕБАР","ТРНАНИЌ"
"MK0030318","ЈУГОЗАПАДЕН","ДЕБАР","ЏЕПИШТЕ"
"MK0030401","ЈУГОЗАПАДЕН","ДЕБАРЦА","АРБИНОВО"
"MK0030402","ЈУГОЗАПАДЕН","ДЕБАРЦА","БЕЛЧИШТА"
"MK0030403","ЈУГОЗАПАДЕН","ДЕБАРЦА","БОТУН"
"MK0030404","ЈУГОЗАПАДЕН","ДЕБАРЦА","БРЕЖАНИ"
"MK0030405","ЈУГОЗАПАДЕН","ДЕБАРЦА","ВЕЛМЕЈ"
"MK0030406","ЈУГОЗАПАДЕН","ДЕБАРЦА","ВОЛИНО"
"MK0030407","ЈУГОЗАПАДЕН","ДЕБАРЦА","ВРБЈАНИ"
"MK0030408","ЈУГОЗАПАДЕН","ДЕБАРЦА","ГОДИВЈЕ"
"MK0020610","ИСТОЧЕН","КОЧАНИ","ЈАСТРЕБНИК"
"MK0030409","ЈУГОЗАПАДЕН","ДЕБАРЦА","ГОРЕНЦИ"
"MK0030410","ЈУГОЗАПАДЕН","ДЕБАРЦА","ГОРНО СРЕДОРЕЧИЕ"
"MK0030411","ЈУГОЗАПАДЕН","ДЕБАРЦА","ГРКО ПОЛЕ"
"MK0030412","ЈУГОЗАПАДЕН","ДЕБАРЦА","ДОЛНО СРЕДОРЕЧИЕ"
"MK0030413","ЈУГОЗАПАДЕН","ДЕБАРЦА","ЗЛЕСТИ"
"MK0030414","ЈУГОЗАПАДЕН","ДЕБАРЦА","ИЗДЕГЛАВЈЕ"
"MK0030415","ЈУГОЗАПАДЕН","ДЕБАРЦА","КЛИМЕШТАНИ"
"MK0030416","ЈУГОЗАПАДЕН","ДЕБАРЦА","ЛАКТИЊЕ"
"MK0030417","ЈУГОЗАПАДЕН","ДЕБАРЦА","ЛЕШАНИ"
"MK0030418","ЈУГОЗАПАДЕН","ДЕБАРЦА","МЕШЕИШТА"
"MK0030419","ЈУГОЗАПАДЕН","ДЕБАРЦА","МРАМОРЕЦ"
"MK0030420","ЈУГОЗАПАДЕН","ДЕБАРЦА","НОВО СЕЛО"
"MK0030421","ЈУГОЗАПАДЕН","ДЕБАРЦА","ОЗДОЛЕНИ"
"MK0030422","ЈУГОЗАПАДЕН","ДЕБАРЦА","ОРОВНИК"
"MK0030423","ЈУГОЗАПАДЕН","ДЕБАРЦА","ПЕСОЧАНИ"
"MK0030424","ЈУГОЗАПАДЕН","ДЕБАРЦА","СЛАТИНО"
"MK0030425","ЈУГОЗАПАДЕН","ДЕБАРЦА","СЛАТИНСКИ ЧИФЛИК"
"MK0030426","ЈУГОЗАПАДЕН","ДЕБАРЦА","СЛИВОВО"
"MK0030427","ЈУГОЗАПАДЕН","ДЕБАРЦА","СОШАНИ"
"MK0030428","ЈУГОЗАПАДЕН","ДЕБАРЦА","ТРЕБЕНИШТА"
"MK0030429","ЈУГОЗАПАДЕН","ДЕБАРЦА","ТУРЈЕ"
"MK0030430","ЈУГОЗАПАДЕН","ДЕБАРЦА","ЦРВЕНА ВОДА"
"MK0030701","ЈУГОЗАПАДЕН","КИЧЕВО","КИЧЕВО"
"MK0030713","ЈУГОЗАПАДЕН","КИЧЕВО","БИГОР ДОЛЕНЦИ"
"MK0030719","ЈУГОЗАПАДЕН","КИЧЕВО","ГОЛЕМО ЦРСКО"
"MK0030720","ЈУГОЗАПАДЕН","КИЧЕВО","ГОРНА ДУШЕГУБИЦА"
"MK0030721","ЈУГОЗАПАДЕН","КИЧЕВО","ГОРНО ДОБРЕНОЕЦ"
"MK0030722","ЈУГОЗАПАДЕН","КИЧЕВО","ГОРНО СТРОГОМИШТЕ"
"MK0030723","ЈУГОЗАПАДЕН","КИЧЕВО","ГРЕШНИЦА"
"MK0030724","ЈУГОЗАПАДЕН","КИЧЕВО","ДЛАПКИН ДОЛ"
"MK0030725","ЈУГОЗАПАДЕН","КИЧЕВО","ДОЛНА ДУШЕГУБИЦА"
"MK0030726","ЈУГОЗАПАДЕН","КИЧЕВО","ДОЛНО ДОБРЕНОЕЦ"
"MK0010909","ВАРДАРСКИ","ЧАШКА","ГОЛОЗИНЦИ"
"MK0010925","ВАРДАРСКИ","ЧАШКА","НЕЖИЛОВО"
"MK0010926","ВАРДАРСКИ","ЧАШКА","НОВО СЕЛО"
"MK0010927","ВАРДАРСКИ","ЧАШКА","ОМОРАНИ"
"MK0010928","ВАРДАРСКИ","ЧАШКА","ОРАОВ ДОЛ"
"MK0010929","ВАРДАРСКИ","ЧАШКА","ОРЕШЕ"
"MK0010202","ВАРДАРСКИ","ГРАДСКО","ВОДОВРАТИ"
"MK0010203","ВАРДАРСКИ","ГРАДСКО","ГОРНО ЧИЧЕВО"
"MK0010204","ВАРДАРСКИ","ГРАДСКО","ГРАДСКО"
"MK0010205","ВАРДАРСКИ","ГРАДСКО","ГРНЧИШТЕ"
"MK0010206","ВАРДАРСКИ","ГРАДСКО","ДВОРИШТЕ"
"MK0010207","ВАРДАРСКИ","ГРАДСКО","ДОЛНО ЧИЧЕВО"
"MK0010208","ВАРДАРСКИ","ГРАДСКО","ЗГРОПОЛЦИ"
"MK0010209","ВАРДАРСКИ","ГРАДСКО","КОЧИЛАРИ"
"MK0010210","ВАРДАРСКИ","ГРАДСКО","КУРИДЕРЕ"
"MK0010211","ВАРДАРСКИ","ГРАДСКО","НОГАЕВЦИ"
"MK0010212","ВАРДАРСКИ","ГРАДСКО","ПОДЛЕС"
"MK0010213","ВАРДАРСКИ","ГРАДСКО","СВЕЌАНИ"
"MK0010101","ВАРДАРСКИ","ВЕЛЕС","БАШИНО СЕЛО"
"MK0020611","ИСТОЧЕН","КОЧАНИ","КОСТИН ДОЛ"
"MK0020612","ИСТОЧЕН","КОЧАНИ","КОЧАНИ"
"MK0020613","ИСТОЧЕН","КОЧАНИ","ЛЕШКИ"
"MK0020614","ИСТОЧЕН","КОЧАНИ","МОЈАНЦИ"
"MK0020617","ИСТОЧЕН","КОЧАНИ","НОВО СЕЛО"
"MK0020618","ИСТОЧЕН","КОЧАНИ","ОРИЗАРИ"
"MK0020619","ИСТОЧЕН","КОЧАНИ","ПАНТЕЛЕЈ"
"MK0020620","ИСТОЧЕН","КОЧАНИ","ПАШАЏИКОВО"
"MK0020621","ИСТОЧЕН","КОЧАНИ","ПОЛАКИ"
"MK0020622","ИСТОЧЕН","КОЧАНИ","ПРЕСЕКА"
"MK0020623","ИСТОЧЕН","КОЧАНИ","ПРИБАЧЕВО"
"MK0020624","ИСТОЧЕН","КОЧАНИ","ПРИПОР"
"MK0020625","ИСТОЧЕН","КОЧАНИ","РАЈЧАНИ"
"MK0020626","ИСТОЧЕН","КОЧАНИ","РЕЧАНИ"
"MK0020627","ИСТОЧЕН","КОЧАНИ","ТРКАЊЕ"
"MK0020628","ИСТОЧЕН","КОЧАНИ","ЦРВЕНА НИВА"
"MK0020701","ИСТОЧЕН","МАКЕДОНСКА КАМЕНИЦА","ДУЛИЦА"
"MK0010102","ВАРДАРСКИ","ВЕЛЕС","БЕЛЕШТЕВИЦА"
"MK0010103","ВАРДАРСКИ","ВЕЛЕС","БУЗАЛКОВО"
"MK0010105","ВАРДАРСКИ","ВЕЛЕС","ВЕТЕРСКО"
"MK0010110","ВАРДАРСКИ","ВЕЛЕС","ИВАНКОВЦИ"
"MK0030727","ЈУГОЗАПАДЕН","КИЧЕВО","ДОЛНО СТРОГОМИШТЕ"
"MK0020801","ИСТОЧЕН","ПЕХЧЕВО","НЕГРЕВО"
"MK0020802","ИСТОЧЕН","ПЕХЧЕВО","ПАНЧАРЕВО"
"MK0010214","ВАРДАРСКИ","ГРАДСКО","СКАЧИНЦИ"
"MK0010216","ВАРДАРСКИ","ГРАДСКО","УЛАНЦИ"
"MK0020803","ИСТОЧЕН","ПЕХЧЕВО","ПЕХЧЕВО"
"MK0020804","ИСТОЧЕН","ПЕХЧЕВО","РОБОВО"
"MK0020805","ИСТОЧЕН","ПЕХЧЕВО","УМЛЕНА"
"MK0060432","ПОЛОШКИ","ГОСТИВАР","ЌАФА"
"MK0020806","ИСТОЧЕН","ПЕХЧЕВО","ЦРНИК"
"MK0020807","ИСТОЧЕН","ПЕХЧЕВО","ЧИФЛИК"
"MK0020901","ИСТОЧЕН","ПРОБИШТИП","БУНЕШ"
"MK0020902","ИСТОЧЕН","ПРОБИШТИП","БУЧИШТЕ"
"MK0030728","ЈУГОЗАПАДЕН","КИЧЕВО","ДРУГОВО"
"MK0030729","ЈУГОЗАПАДЕН","КИЧЕВО","ДУПЈАНИ"
"MK0030730","ЈУГОЗАПАДЕН","КИЧЕВО","ЕХЛОЕЦ"
"MK0030731","ЈУГОЗАПАДЕН","КИЧЕВО","ЖУБРИНО"
"MK0030733","ЈУГОЗАПАДЕН","КИЧЕВО","ИВАНЧИШТА"
"MK0030734","ЈУГОЗАПАДЕН","КИЧЕВО","ИЗВОР"
"MK0030735","ЈУГОЗАПАДЕН","КИЧЕВО","ЈАВОРЕЦ"
"MK0030736","ЈУГОЗАПАДЕН","КИЧЕВО","ЈАГОЛ"
"MK0030737","ЈУГОЗАПАДЕН","КИЧЕВО","ЈАГОЛ ДОЛЕНЦИ"
"MK0030738","ЈУГОЗАПАДЕН","КИЧЕВО","ЈУДОВО"
"MK0030739","ЈУГОЗАПАДЕН","КИЧЕВО","КАРБУНИЦА"
"MK0030740","ЈУГОЗАПАДЕН","КИЧЕВО","КЛАДНИК"
"MK0030741","ЈУГОЗАПАДЕН","КИЧЕВО","КЛЕНОЕЦ"
"MK0030742","ЈУГОЗАПАДЕН","КИЧЕВО","КОЗИЦА"
"MK0030743","ЈУГОЗАПАДЕН","КИЧЕВО","КОЗИЧИНО"
"MK0030744","ЈУГОЗАПАДЕН","КИЧЕВО","КОЛАРИ"
"MK0030745","ЈУГОЗАПАДЕН","КИЧЕВО","КОЛИБАРИ"
"MK0030746","ЈУГОЗАПАДЕН","КИЧЕВО","КРУШИЦА"
"MK0030747","ЈУГОЗАПАДЕН","КИЧЕВО","ЛАВЧАНИ"
"MK0030748","ЈУГОЗАПАДЕН","КИЧЕВО","ЛЕШНИЦА"
"MK0030749","ЈУГОЗАПАДЕН","КИЧЕВО","МАЛКОЕЦ"
"MK0030750","ЈУГОЗАПАДЕН","КИЧЕВО","МАЛО ЦРСКО"
"MK0020702","ИСТОЧЕН","МАКЕДОНСКА КАМЕНИЦА","КОСЕВИЦА"
"MK0030751","ЈУГОЗАПАДЕН","КИЧЕВО","МАНАСТИРСКО ДОЛЕНЦИ"
"MK0030752","ЈУГОЗАПАДЕН","КИЧЕВО","МИДИНЦИ"
"MK0010915","ВАРДАРСКИ","ЧАШКА","ЕЛОВЕЦ"
"MK0010916","ВАРДАРСКИ","ЧАШКА","ИЗВОР"
"MK0010917","ВАРДАРСКИ","ЧАШКА","КАПИНОВО"
"MK0010918","ВАРДАРСКИ","ЧАШКА","КРАЈНИЦИ"
"MK0010919","ВАРДАРСКИ","ЧАШКА","КРИВА КРУША"
"MK0010920","ВАРДАРСКИ","ЧАШКА","КРНИНО"
"MK0010921","ВАРДАРСКИ","ЧАШКА","ЛИСИЧЕ"
"MK0010922","ВАРДАРСКИ","ЧАШКА","МАРТОЛЦИ"
"MK0010923","ВАРДАРСКИ","ЧАШКА","МЕЛНИЦА"
"MK0010924","ВАРДАРСКИ","ЧАШКА","МОКРЕНИ"
"MK0010930","ВАРДАРСКИ","ЧАШКА","ОТИШТИНО"
"MK0010931","ВАРДАРСКИ","ЧАШКА","ПАПРАДИШТЕ"
"MK0010932","ВАРДАРСКИ","ЧАШКА","ПЛЕВЕЊЕ"
"MK0010933","ВАРДАРСКИ","ЧАШКА","ПОМЕНОВО"
"MK0010934","ВАРДАРСКИ","ЧАШКА","ПОПАДИЈА"
"MK0010935","ВАРДАРСКИ","ЧАШКА","РАКОВЕЦ"
"MK0010936","ВАРДАРСКИ","ЧАШКА","СМИЛОВЦИ"
"MK0010937","ВАРДАРСКИ","ЧАШКА","СОГЛЕ"
"MK0010938","ВАРДАРСКИ","ЧАШКА","СТАРИ ГРАД"
"MK0010939","ВАРДАРСКИ","ЧАШКА","СТЕПАНЦИ"
"MK0010940","ВАРДАРСКИ","ЧАШКА","ТЕОВО"
"MK0020927","ИСТОЧЕН","ПРОБИШТИП","ПЛЕШАНЦИ"
"MK0020928","ИСТОЧЕН","ПРОБИШТИП","ПРОБИШТИП"
"MK0020929","ИСТОЧЕН","ПРОБИШТИП","ПУЗДЕРЦИ"
"MK0020930","ИСТОЧЕН","ПРОБИШТИП","РАТАВИЦА"
"MK0020931","ИСТОЧЕН","ПРОБИШТИП","СТРИСОВЦИ"
"MK0030705","ЈУГОЗАПАДЕН","КИЧЕВО","ОСОЈ"
"MK0020934","ИСТОЧЕН","ПРОБИШТИП","ТРООЛО"
"MK0020935","ИСТОЧЕН","ПРОБИШТИП","ТУРСКО РУДАРИ"
"MK0020936","ИСТОЧЕН","ПРОБИШТИП","ШТАЛКОВИЦА"
"MK0021001","ИСТОЧЕН","ЧЕШИНОВО - ОБЛЕШЕВО","БАЊА"
"MK0030816","ЈУГОЗАПАДЕН","МАКЕДОНСКИ БРОД","ДОЛНО КРУШЈЕ"
"MK0030817","ЈУГОЗАПАДЕН","МАКЕДОНСКИ БРОД","ДРАГОВ ДОЛ"
"MK0050403","ПЕЛАГОНИСКИ","КРИВОГАШТАНИ","ВОЃАНИ"
"MK0030818","ЈУГОЗАПАДЕН","МАКЕДОНСКИ БРОД","ДРЕНОВО"
"MK0030819","ЈУГОЗАПАДЕН","МАКЕДОНСКИ БРОД","ЗАГРАД"
"MK0030820","ЈУГОЗАПАДЕН","МАКЕДОНСКИ БРОД","ЗВЕЧАН"
"MK0030821","ЈУГОЗАПАДЕН","МАКЕДОНСКИ БРОД","ЗДУЊЕ"
"MK0030822","ЈУГОЗАПАДЕН","МАКЕДОНСКИ БРОД","ЗРКЛЕ"
"MK0030823","ЈУГОЗАПАДЕН","МАКЕДОНСКИ БРОД","ИЖИШТЕ"
"MK0030824","ЈУГОЗАПАДЕН","МАКЕДОНСКИ БРОД","ИНЧЕ"
"MK0030825","ЈУГОЗАПАДЕН","МАКЕДОНСКИ БРОД","КАЛУЃЕРЕЦ"
"MK0030826","ЈУГОЗАПАДЕН","МАКЕДОНСКИ БРОД","КОВАЧ"
"MK0030827","ЈУГОЗАПАДЕН","МАКЕДОНСКИ БРОД","КОВЧЕ"
"MK0030828","ЈУГОЗАПАДЕН","МАКЕДОНСКИ БРОД","КОСОВО"
"MK0030829","ЈУГОЗАПАДЕН","МАКЕДОНСКИ БРОД","КРАПА"
"MK0030835","ЈУГОЗАПАДЕН","МАКЕДОНСКИ БРОД","МОДРИШТЕ"
"MK0030836","ЈУГОЗАПАДЕН","МАКЕДОНСКИ БРОД","ОРЕОВЕЦ"
"MK0030837","ЈУГОЗАПАДЕН","МАКЕДОНСКИ БРОД","РАМНЕ"
"MK0031313","ЈУГОЗАПАДЕН","ЦЕНТАР ЖУПА","ЖИТИНЕНИ"
"MK0031314","ЈУГОЗАПАДЕН","ЦЕНТАР ЖУПА","КОЧИШТА"
"MK0031315","ЈУГОЗАПАДЕН","ЦЕНТАР ЖУПА","КОЏАЏИК"
"MK0031316","ЈУГОЗАПАДЕН","ЦЕНТАР ЖУПА","МАЛ ПАПРАДНИК"
"MK0031317","ЈУГОЗАПАДЕН","ЦЕНТАР ЖУПА","НОВАК"
"MK0031318","ЈУГОЗАПАДЕН","ЦЕНТАР ЖУПА","ОСОЛНИЦА"
"MK0031242","ЈУГОЗАПАДЕН","СТРУГА","Р’ЖАНОВО"
"MK0031243","ЈУГОЗАПАДЕН","СТРУГА","РАДОЖДА"
"MK0031244","ЈУГОЗАПАДЕН","СТРУГА","РАДОЛИШТА"
"MK0040319","ЈУГОИСТОЧЕН","ВАЛАНДОВО","МАРВИНЦИ"
"MK0040320","ЈУГОИСТОЧЕН","ВАЛАНДОВО","ПИРАВА"
"MK0040321","ЈУГОИСТОЧЕН","ВАЛАНДОВО","ПЛАВУШ"
"MK0040322","ЈУГОИСТОЧЕН","ВАЛАНДОВО","ПРСТЕН"
"MK0031319","ЈУГОЗАПАДЕН","ЦЕНТАР ЖУПА","ОЏОВЦИ"
"MK0031320","ЈУГОЗАПАДЕН","ЦЕНТАР ЖУПА","ПАРЕШИ"
"MK0031322","ЈУГОЗАПАДЕН","ЦЕНТАР ЖУПА","ЦЕНТАР ЖУПА"
"MK0040401","ЈУГОИСТОЧЕН","ВАСИЛЕВО","АНГЕЛЦИ"
"MK0040402","ЈУГОИСТОЧЕН","ВАСИЛЕВО","ВАРВАРИЦА"
"MK0040403","ЈУГОИСТОЧЕН","ВАСИЛЕВО","ВАСИЛЕВО"
"MK0040404","ЈУГОИСТОЧЕН","ВАСИЛЕВО","ВИСОКА МААЛА"
"MK0040405","ЈУГОИСТОЧЕН","ВАСИЛЕВО","ВЛАДИЕВЦИ"
"MK0040515","ЈУГОИСТОЧЕН","ГЕВГЕЛИЈА","СЕРМЕНИН"
"MK0040516","ЈУГОИСТОЧЕН","ГЕВГЕЛИЈА","СМОКВИЦА"
"MK0040809","ЈУГОИСТОЧЕН","НОВО СЕЛО","МОКРИНО"
"MK0040810","ЈУГОИСТОЧЕН","НОВО СЕЛО","НОВО КОЊАРЕВО"
"MK0040406","ЈУГОИСТОЧЕН","ВАСИЛЕВО","ГРАДОШОРЦИ"
"MK0040407","ЈУГОИСТОЧЕН","ВАСИЛЕВО","ДОБРОШИНЦИ"
"MK0040408","ЈУГОИСТОЧЕН","ВАСИЛЕВО","ДУКАТИНО"
"MK0040409","ЈУГОИСТОЧЕН","ВАСИЛЕВО","ЕДРЕНИКОВО"
"MK0040410","ЈУГОИСТОЧЕН","ВАСИЛЕВО","КУШКУЛИЈА"
"MK0040411","ЈУГОИСТОЧЕН","ВАСИЛЕВО","НИВИЧИНО"
"MK0040412","ЈУГОИСТОЧЕН","ВАСИЛЕВО","НОВА МААЛА"
"MK0040413","ЈУГОИСТОЧЕН","ВАСИЛЕВО","ПИПЕРЕВО"
"MK0040414","ЈУГОИСТОЧЕН","ВАСИЛЕВО","РАДИЧЕВО"
"MK0040513","ЈУГОИСТОЧЕН","ГЕВГЕЛИЈА","ПЕТРОВО"
"MK0021116","ИСТОЧЕН","ШТИП","ЉУБОТЕН"
"MK0021117","ИСТОЧЕН","ШТИП","НИКОМАН"
"MK0030838","ЈУГОЗАПАДЕН","МАКЕДОНСКИ БРОД","РАСТЕШ"
"MK0030839","ЈУГОЗАПАДЕН","МАКЕДОНСКИ БРОД","РУСЈАЦИ"
"MK0030714","ЈУГОЗАПАДЕН","КИЧЕВО","БРЖДАНИ"
"MK0030715","ЈУГОЗАПАДЕН","КИЧЕВО","БУКОЈЧАНИ"
"MK0030716","ЈУГОЗАПАДЕН","КИЧЕВО","ВИДРАНИ"
"MK0030717","ЈУГОЗАПАДЕН","КИЧЕВО","ВРАНЕШТИЦА"
"MK0030718","ЈУГОЗАПАДЕН","КИЧЕВО","ГАРАНИ"
"MK0031009","ЈУГОЗАПАДЕН","ОХРИД","КОЊСКО"
"MK0031010","ЈУГОЗАПАДЕН","ОХРИД","КОСЕЛ"
"MK0031011","ЈУГОЗАПАДЕН","ОХРИД","КУРАТИЦА"
"MK0031012","ЈУГОЗАПАДЕН","ОХРИД","ЛАГАДИН"
"MK0031014","ЈУГОЗАПАДЕН","ОХРИД","ЛИВОИШТА"
"MK0031015","ЈУГОЗАПАДЕН","ОХРИД","ЉУБАНИШТА"
"MK0030840","ЈУГОЗАПАДЕН","МАКЕДОНСКИ БРОД","САМОКОВ"
"MK0030841","ЈУГОЗАПАДЕН","МАКЕДОНСКИ БРОД","СЛАНСКО"
"MK0030842","ЈУГОЗАПАДЕН","МАКЕДОНСКИ БРОД","СЛАТИНА"
"MK0030843","ЈУГОЗАПАДЕН","МАКЕДОНСКИ БРОД","СТАРО СЕЛО"
"MK0030844","ЈУГОЗАПАДЕН","МАКЕДОНСКИ БРОД","СУВОДОЛ"
"MK0030845","ЈУГОЗАПАДЕН","МАКЕДОНСКИ БРОД","СУШИЦА"
"MK0030846","ЈУГОЗАПАДЕН","МАКЕДОНСКИ БРОД","ТАЖЕВО"
"MK0030847","ЈУГОЗАПАДЕН","МАКЕДОНСКИ БРОД","ТОМИНО СЕЛО"
"MK0030848","ЈУГОЗАПАДЕН","МАКЕДОНСКИ БРОД","ТОПОЛНИЦА"
"MK0030849","ЈУГОЗАПАДЕН","МАКЕДОНСКИ БРОД","ТРЕБИНО"
"MK0021002","ИСТОЧЕН","ЧЕШИНОВО - ОБЛЕШЕВО","БУРИЛЧЕВО"
"MK0021003","ИСТОЧЕН","ЧЕШИНОВО - ОБЛЕШЕВО","ВРБИЦА"
"MK0021004","ИСТОЧЕН","ЧЕШИНОВО - ОБЛЕШЕВО","ЖИГАНЦИ"
"MK0021005","ИСТОЧЕН","ЧЕШИНОВО - ОБЛЕШЕВО","КУЧИЧИНО"
"MK0021006","ИСТОЧЕН","ЧЕШИНОВО - ОБЛЕШЕВО","ЛЕПОПЕЛЦИ"
"MK0021007","ИСТОЧЕН","ЧЕШИНОВО - ОБЛЕШЕВО","НОВО СЕЛАНИ"
"MK0021008","ИСТОЧЕН","ЧЕШИНОВО - ОБЛЕШЕВО","ОБЛЕШЕВО"
"MK0030850","ЈУГОЗАПАДЕН","МАКЕДОНСКИ БРОД","ТРЕБОВЉЕ"
"MK0030851","ЈУГОЗАПАДЕН","МАКЕДОНСКИ БРОД","ЦРЕШНЕВО"
"MK0031001","ЈУГОЗАПАДЕН","ОХРИД","ВАПИЛА"
"MK0050314","ПЕЛАГОНИСКИ","ДОЛНЕНИ","ЖИТОШЕ"
"MK0031002","ЈУГОЗАПАДЕН","ОХРИД","ВЕЛГОШТИ"
"MK0031003","ЈУГОЗАПАДЕН","ОХРИД","ВЕЛЕСТОВО"
"MK0031004","ЈУГОЗАПАДЕН","ОХРИД","ГОРНО ЛАКОЧЕРЕЈ"
"MK0031005","ЈУГОЗАПАДЕН","ОХРИД","ДОЛНО КОЊСКО"
"MK0031006","ЈУГОЗАПАДЕН","ОХРИД","ДОЛНО ЛАКОЧЕРЕЈ"
"MK0031007","ЈУГОЗАПАДЕН","ОХРИД","ЕЛШАНИ"
"MK0031022","ЈУГОЗАПАДЕН","ОХРИД","РАМНЕ"
"MK0031023","ЈУГОЗАПАДЕН","ОХРИД","РАСИНО"
"MK0031024","ЈУГОЗАПАДЕН","ОХРИД","РЕЧИЦА"
"MK0031025","ЈУГОЗАПАДЕН","ОХРИД","СВИНИШТА"
"MK0031026","ЈУГОЗАПАДЕН","ОХРИД","СИРУЛА"
"MK0031027","ЈУГОЗАПАДЕН","ОХРИД","СКРЕБАТНО"
"MK0031028","ЈУГОЗАПАДЕН","ОХРИД","ТРПЕЈЦА"
"MK0031029","ЈУГОЗАПАДЕН","ОХРИД","ШИПОКНО"
"MK0031101","ЈУГОЗАПАДЕН","ПЛАСНИЦА","ДВОРЦИ"
"MK0031102","ЈУГОЗАПАДЕН","ПЛАСНИЦА","ЛИСИЧАНИ"
"MK0031103","ЈУГОЗАПАДЕН","ПЛАСНИЦА","ПЛАСНИЦА"
"MK0031104","ЈУГОЗАПАДЕН","ПЛАСНИЦА","ПРЕГЛОВО"
"MK0031201","ЈУГОЗАПАДЕН","СТРУГА","БЕЗОВО"
"MK0031202","ЈУГОЗАПАДЕН","СТРУГА","БИЏЕВО"
"MK0031203","ЈУГОЗАПАДЕН","СТРУГА","БОГОЈЦИ"
"MK0031204","ЈУГОЗАПАДЕН","СТРУГА","БОРОЕЦ"
"MK0031205","ЈУГОЗАПАДЕН","СТРУГА","БРЧЕВО"
"MK0031206","ЈУГОЗАПАДЕН","СТРУГА","БУРИНЕЦ"
"MK0031207","ЈУГОЗАПАДЕН","СТРУГА","ВЕЛЕШТА"
"MK0031208","ЈУГОЗАПАДЕН","СТРУГА","ВИШНИ"
"MK0031209","ЈУГОЗАПАДЕН","СТРУГА","ВРАНИШТЕ"
"MK0031210","ЈУГОЗАПАДЕН","СТРУГА","ГЛОБОЧИЦА"
"MK0031211","ЈУГОЗАПАДЕН","СТРУГА","ГОРНА БЕЛИЦА"
"MK0031212","ЈУГОЗАПАДЕН","СТРУГА","ГОРНО ТАТЕШИ"
"MK0030303","ЈУГОЗАПАДЕН","ДЕБАР","ГАРИ"
"MK0030830","ЈУГОЗАПАДЕН","МАКЕДОНСКИ БРОД","ЛАТОВО"
"MK0021009","ИСТОЧЕН","ЧЕШИНОВО - ОБЛЕШЕВО","СОКОЛАРЦИ"
"MK0021010","ИСТОЧЕН","ЧЕШИНОВО - ОБЛЕШЕВО","СПАНЧЕВО"
"MK0021011","ИСТОЧЕН","ЧЕШИНОВО - ОБЛЕШЕВО","ТЕРАНЦИ"
"MK0050166","ПЕЛАГОНИСКИ","БИТОЛА","ЦРНОВЕЦ"
"MK0050201","ПЕЛАГОНИСКИ","ДЕМИР ХИСАР","БАБИНО"
"MK0050202","ПЕЛАГОНИСКИ","ДЕМИР ХИСАР","БАЗЕРНИК"
"MK0050203","ПЕЛАГОНИСКИ","ДЕМИР ХИСАР","БАРАКОВО"
"MK0050204","ПЕЛАГОНИСКИ","ДЕМИР ХИСАР","БЕЛЧЕ"
"MK0050205","ПЕЛАГОНИСКИ","ДЕМИР ХИСАР","БОИШТЕ"
"MK0050206","ПЕЛАГОНИСКИ","ДЕМИР ХИСАР","БРЕЗОВО"
"MK0050207","ПЕЛАГОНИСКИ","ДЕМИР ХИСАР","ВАРДИНО"
"MK0050208","ПЕЛАГОНИСКИ","ДЕМИР ХИСАР","ВЕЛМЕВЦИ"
"MK0050210","ПЕЛАГОНИСКИ","ДЕМИР ХИСАР","ГОЛЕМО ИЛИНО"
"MK0050211","ПЕЛАГОНИСКИ","ДЕМИР ХИСАР","ГРАИШТЕ"
"MK0040506","ЈУГОИСТОЧЕН","ГЕВГЕЛИЈА","КОНСКО"
"MK0040905","ЈУГОИСТОЧЕН","РАДОВИШ","ДАМЈАН"
"MK0050857","ПЕЛАГОНИСКИ","ПРИЛЕП","ЧУМОВО"
"MK0050858","ПЕЛАГОНИСКИ","ПРИЛЕП","ШЕЛЕВЕРЦИ"
"MK0050230","ПЕЛАГОНИСКИ","ДЕМИР ХИСАР","РАСТОЈЦА"
"MK0050231","ПЕЛАГОНИСКИ","ДЕМИР ХИСАР","СВЕТА"
"MK0050232","ПЕЛАГОНИСКИ","ДЕМИР ХИСАР","СЛАДУЕВО"
"MK0050233","ПЕЛАГОНИСКИ","ДЕМИР ХИСАР","СЛЕПЧЕ"
"MK0050234","ПЕЛАГОНИСКИ","ДЕМИР ХИСАР","СЛОЕШТИЦА"
"MK0050235","ПЕЛАГОНИСКИ","ДЕМИР ХИСАР","СМИЛЕВО"
"MK0050236","ПЕЛАГОНИСКИ","ДЕМИР ХИСАР","СОПОТНИЦА"
"MK0050237","ПЕЛАГОНИСКИ","ДЕМИР ХИСАР","СТРУГОВО"
"MK0050238","ПЕЛАГОНИСКИ","ДЕМИР ХИСАР","СУВО ГРЛО"
"MK0050239","ПЕЛАГОНИСКИ","ДЕМИР ХИСАР","СУВОДОЛ"
"MK0050240","ПЕЛАГОНИСКИ","ДЕМИР ХИСАР","УТОВО"
"MK0021122","ИСТОЧЕН","ШТИП","ПУХЧЕ"
"MK0021123","ИСТОЧЕН","ШТИП","САРЧИЕВО"
"MK0050241","ПЕЛАГОНИСКИ","ДЕМИР ХИСАР","ЦЕРОВО"
"MK0050301","ПЕЛАГОНИСКИ","ДОЛНЕНИ","БЕЛО ПОЛЕ"
"MK0050332","ПЕЛАГОНИСКИ","ДОЛНЕНИ","СЕНОКОС"
"MK0050333","ПЕЛАГОНИСКИ","ДОЛНЕНИ","СЛЕПЧЕ"
"MK0050334","ПЕЛАГОНИСКИ","ДОЛНЕНИ","СЛИВЈЕ"
"MK0050335","ПЕЛАГОНИСКИ","ДОЛНЕНИ","СРЕДОРЕК"
"MK0050336","ПЕЛАГОНИСКИ","ДОЛНЕНИ","СТРОВИЈА"
"MK0050337","ПЕЛАГОНИСКИ","ДОЛНЕНИ","ЦРНИЛИШТЕ"
"MK0050401","ПЕЛАГОНИСКИ","КРИВОГАШТАНИ","БЕЛА ЦРКВА"
"MK0050402","ПЕЛАГОНИСКИ","КРИВОГАШТАНИ","БОРОТИНО"
"MK0050404","ПЕЛАГОНИСКИ","КРИВОГАШТАНИ","ВРБЈАНИ"
"MK0050405","ПЕЛАГОНИСКИ","КРИВОГАШТАНИ","ГОДИВЈЕ"
"MK0050406","ПЕЛАГОНИСКИ","КРИВОГАШТАНИ","КОРЕНИЦА"
"MK0050407","ПЕЛАГОНИСКИ","КРИВОГАШТАНИ","КРИВОГАШТАНИ"
"MK0050408","ПЕЛАГОНИСКИ","КРИВОГАШТАНИ","КРУШЕАНИ"
"MK0050603","ПЕЛАГОНИСКИ","МОГИЛА","БУДАКОВО"
"MK0050604","ПЕЛАГОНИСКИ","МОГИЛА","ВАШАРЕЈЦА"
"MK0050605","ПЕЛАГОНИСКИ","МОГИЛА","ГОРНА ЧАРЛИЈА"
"MK0050606","ПЕЛАГОНИСКИ","МОГИЛА","ДЕДЕБАЛЦИ"
"MK0050607","ПЕЛАГОНИСКИ","МОГИЛА","ДОБРУШЕВО"
"MK0050608","ПЕЛАГОНИСКИ","МОГИЛА","ДОЛНА ЧАРЛИЈА"
"MK0050609","ПЕЛАГОНИСКИ","МОГИЛА","ДОЛНО СРПЦИ"
"MK0070223","СЕВЕРОИСТОЧЕН","КРИВА ПАЛАНКА","МАЛА ЦРЦОРИЈА"
"MK0070224","СЕВЕРОИСТОЧЕН","КРИВА ПАЛАНКА","МАРТИНИЦА"
"MK0070225","СЕВЕРОИСТОЧЕН","КРИВА ПАЛАНКА","МЕТЕЖЕВО"
"MK0070226","СЕВЕРОИСТОЧЕН","КРИВА ПАЛАНКА","МОЖДИВЊАК"
"MK0070227","СЕВЕРОИСТОЧЕН","КРИВА ПАЛАНКА","НЕРАВ"
"MK0070228","СЕВЕРОИСТОЧЕН","КРИВА ПАЛАНКА","ОГУТ"
"MK0070229","СЕВЕРОИСТОЧЕН","КРИВА ПАЛАНКА","ОСИЧЕ"
"MK0070230","СЕВЕРОИСТОЧЕН","КРИВА ПАЛАНКА","ПОДРЖИ КОЊ"
"MK0070231","СЕВЕРОИСТОЧЕН","КРИВА ПАЛАНКА","СТАНЦИ"
"MK0070232","СЕВЕРОИСТОЧЕН","КРИВА ПАЛАНКА","Т’ЛМИНЦИ"
"MK0070233","СЕВЕРОИСТОЧЕН","КРИВА ПАЛАНКА","ТРНОВО"
"MK0070234","СЕВЕРОИСТОЧЕН","КРИВА ПАЛАНКА","УЗЕМ"
"MK0050934","ПЕЛАГОНИСКИ","РЕСЕН","ПРЕЉУБЈЕ"
"MK0050935","ПЕЛАГОНИСКИ","РЕСЕН","ПРЕТОР"
"MK0050936","ПЕЛАГОНИСКИ","РЕСЕН","РАЈЦА"
"MK0050938","ПЕЛАГОНИСКИ","РЕСЕН","СЛИВНИЦА"
"MK0080707","СКОПСКИ","ИЛИНДЕН","КАДИНО"
"MK0060203","ПОЛОШКИ","БРВЕНИЦА","ВОЛКОВИЈА"
"MK0060204","ПОЛОШКИ","БРВЕНИЦА","ГУРГУРНИЦА"
"MK0060205","ПОЛОШКИ","БРВЕНИЦА","ДОЛНО СЕДЛАРЦЕ"
"MK0060206","ПОЛОШКИ","БРВЕНИЦА","МИЛЕТИНО"
"MK0060207","ПОЛОШКИ","БРВЕНИЦА","РАДИОВЦЕ"
"MK0060208","ПОЛОШКИ","БРВЕНИЦА","СТЕНЧЕ"
"MK0060209","ПОЛОШКИ","БРВЕНИЦА","ТЕНОВО"
"MK0060210","ПОЛОШКИ","БРВЕНИЦА","ЧЕЛОПЕК"
"MK0060301","ПОЛОШКИ","ВРАПЧИШТЕ","ВРАНОВЦИ"
"MK0050856","ПЕЛАГОНИСКИ","ПРИЛЕП","ЧЕПИГОВО"
"MK0010104","ВАРДАРСКИ","ВЕЛЕС","ВЕЛЕС"
"MK0050859","ПЕЛАГОНИСКИ","ПРИЛЕП","ШТАВИЦА"
"MK0050901","ПЕЛАГОНИСКИ","РЕСЕН","АРВАТИ"
"MK0050902","ПЕЛАГОНИСКИ","РЕСЕН","АСАМАТИ"
"MK0050903","ПЕЛАГОНИСКИ","РЕСЕН","БОЛНО"
"MK0050904","ПЕЛАГОНИСКИ","РЕСЕН","БРАЈЧИНО"
"MK0021135","ИСТОЧЕН","ШТИП","ТРИ ЧЕШМИ"
"MK0060732","ПОЛОШКИ","МАВРОВО И РОСТУША","РОСОКИ"
"MK0050905","ПЕЛАГОНИСКИ","РЕСЕН","ВОЛКОДЕРИ"
"MK0050906","ПЕЛАГОНИСКИ","РЕСЕН","ГОРНА БЕЛА ЦРКВА"
"MK0050907","ПЕЛАГОНИСКИ","РЕСЕН","ГОРНО ДУПЕНИ"
"MK0050908","ПЕЛАГОНИСКИ","РЕСЕН","ГОРНО КРУШЈЕ"
"MK0050909","ПЕЛАГОНИСКИ","РЕСЕН","ГРНЧАРИ"
"MK0050910","ПЕЛАГОНИСКИ","РЕСЕН","ДОЛНА БЕЛА ЦРКВА"
"MK0050911","ПЕЛАГОНИСКИ","РЕСЕН","ДОЛНО ДУПЕНИ"
"MK0070628","СЕВЕРОИСТОЧЕН","СТАРО НАГОРИЧАНЕ","ОСИЧЕ"
"MK0070629","СЕВЕРОИСТОЧЕН","СТАРО НАГОРИЧАНЕ","ПЕЛИНЦЕ"
"MK0070630","СЕВЕРОИСТОЧЕН","СТАРО НАГОРИЧАНЕ","ПУЗАЈКА"
"MK0070631","СЕВЕРОИСТОЧЕН","СТАРО НАГОРИЧАНЕ","РАМНО"
"MK0050912","ПЕЛАГОНИСКИ","РЕСЕН","ДОЛНО ПЕРОВО"
"MK0070201","СЕВЕРОИСТОЧЕН","КРИВА ПАЛАНКА","Б’С"
"MK0050913","ПЕЛАГОНИСКИ","РЕСЕН","ДРМЕНИ"
"MK0050915","ПЕЛАГОНИСКИ","РЕСЕН","ЕЗЕРАНИ"
"MK0050916","ПЕЛАГОНИСКИ","РЕСЕН","ЗЛАТАРИ"
"MK0030732","ЈУГОЗАПАДЕН","КИЧЕВО","ЗАЈАС"
"MK0050917","ПЕЛАГОНИСКИ","РЕСЕН","ИЗБИШТА"
"MK0050918","ПЕЛАГОНИСКИ","РЕСЕН","ИЛИНО"
"MK0050919","ПЕЛАГОНИСКИ","РЕСЕН","ЈАНКОВЕЦ"
"MK0050920","ПЕЛАГОНИСКИ","РЕСЕН","КОЗЈАК"
"MK0050921","ПЕЛАГОНИСКИ","РЕСЕН","КОЊСКО"
"MK0050922","ПЕЛАГОНИСКИ","РЕСЕН","КРАНИ"
"MK0050923","ПЕЛАГОНИСКИ","РЕСЕН","КРИВЕНИ"
"MK0050924","ПЕЛАГОНИСКИ","РЕСЕН","КУРБИНОВО"
"MK0050928","ПЕЛАГОНИСКИ","РЕСЕН","ЉУБОЈНО"
"MK0050929","ПЕЛАГОНИСКИ","РЕСЕН","НАКОЛЕЦ"
"MK0050930","ПЕЛАГОНИСКИ","РЕСЕН","ОТЕШЕВО"
"MK0050931","ПЕЛАГОНИСКИ","РЕСЕН","ПЕТРИНО"
"MK0050932","ПЕЛАГОНИСКИ","РЕСЕН","ПОДМОЧАНИ"
"MK0050933","ПЕЛАГОНИСКИ","РЕСЕН","ПОКРВЕНИК"
"MK0060725","ПОЛОШКИ","МАВРОВО И РОСТУША","НИКИФОРОВО"
"MK0060726","ПОЛОШКИ","МАВРОВО И РОСТУША","НИСТРОВО"
"MK0060727","ПОЛОШКИ","МАВРОВО И РОСТУША","НИЧПУР"
"MK0060728","ПОЛОШКИ","МАВРОВО И РОСТУША","НОВО СЕЛО"
"MK0060729","ПОЛОШКИ","МАВРОВО И РОСТУША","ОРЌУШЕ"
"MK0041015","ЈУГОИСТОЧЕН","СТРУМИЦА","МУРТИНО"
"MK0041016","ЈУГОИСТОЧЕН","СТРУМИЦА","ОРМАНЛИ"
"MK0041017","ЈУГОИСТОЧЕН","СТРУМИЦА","ПОПЧЕВО"
"MK0041018","ЈУГОИСТОЧЕН","СТРУМИЦА","ПРОСЕНИКОВО"
"MK0041019","ЈУГОИСТОЧЕН","СТРУМИЦА","РАБОРЦИ"
"MK0041020","ЈУГОИСТОЧЕН","СТРУМИЦА","РИЧ"
"MK0041021","ЈУГОИСТОЧЕН","СТРУМИЦА","САЧЕВО"
"MK0041022","ЈУГОИСТОЧЕН","СТРУМИЦА","СВИДОВИЦА"
"MK0041023","ЈУГОИСТОЧЕН","СТРУМИЦА","СТРУМИЦА"
"MK0041024","ЈУГОИСТОЧЕН","СТРУМИЦА","ТРИ ВОДИ"
"MK0050130","ПЕЛАГОНИСКИ","БИТОЛА","КРКЛИНО"
"MK0050131","ПЕЛАГОНИСКИ","БИТОЛА","КРСТОАР"
"MK0050132","ПЕЛАГОНИСКИ","БИТОЛА","КУКУРЕЧАНИ"
"MK0050212","ПЕЛАГОНИСКИ","ДЕМИР ХИСАР","ДЕМИР ХИСАР"
"MK0050213","ПЕЛАГОНИСКИ","ДЕМИР ХИСАР","ДОЛЕНЦИ"
"MK0050214","ПЕЛАГОНИСКИ","ДЕМИР ХИСАР","ЕДИНАКОВЦИ"
"MK0050225","ПЕЛАГОНИСКИ","ДЕМИР ХИСАР","НОВО СЕЛО"
"MK0050226","ПЕЛАГОНИСКИ","ДЕМИР ХИСАР","ОБЕДНИК"
"MK0050227","ПЕЛАГОНИСКИ","ДЕМИР ХИСАР","ПРИБИЛЦИ"
"MK0050228","ПЕЛАГОНИСКИ","ДЕМИР ХИСАР","РАДОВО"
"MK0050229","ПЕЛАГОНИСКИ","ДЕМИР ХИСАР","РАКИТНИЦА"
"MK0020101","ИСТОЧЕН","БЕРОВО","БЕРОВО"
"MK0050805","ПЕЛАГОНИСКИ","ПРИЛЕП","БОНЧЕ"
"MK0050505","ПЕЛАГОНИСКИ","КРУШЕВО","БОРИНО"
"MK0050506","ПЕЛАГОНИСКИ","КРУШЕВО","БУЧИН"
"MK0050705","ПЕЛАГОНИСКИ","НОВАЦИ","БРНИК"
"MK0050706","ПЕЛАГОНИСКИ","НОВАЦИ","БРОД"
"MK0050707","ПЕЛАГОНИСКИ","НОВАЦИ","БУДИМИРЦИ"
"MK0050708","ПЕЛАГОНИСКИ","НОВАЦИ","ВЕЛЕСЕЛО"
"MK0050709","ПЕЛАГОНИСКИ","НОВАЦИ","ВРАЊЕВЦИ"
"MK0050710","ПЕЛАГОНИСКИ","НОВАЦИ","ГЕРМИЈАН"
"MK0050711","ПЕЛАГОНИСКИ","НОВАЦИ","ГНЕОТИНО"
"MK0050712","ПЕЛАГОНИСКИ","НОВАЦИ","ГНИЛЕЖ"
"MK0060809","ПОЛОШКИ","ТЕАРЦЕ","ОДРИ"
"MK0050713","ПЕЛАГОНИСКИ","НОВАЦИ","ГОРНО АГЛАРЦИ"
"MK0050715","ПЕЛАГОНИСКИ","НОВАЦИ","ГРУМАЗИ"
"MK0050716","ПЕЛАГОНИСКИ","НОВАЦИ","ГРУНИШТА"
"MK0050811","ПЕЛАГОНИСКИ","ПРИЛЕП","ГАЛИЧАНИ"
"MK0050812","ПЕЛАГОНИСКИ","ПРИЛЕП","ГОЛЕМ РАДОБИЛ"
"MK0050813","ПЕЛАГОНИСКИ","ПРИЛЕП","ГОЛЕМО КОЊАРИ"
"MK0050814","ПЕЛАГОНИСКИ","ПРИЛЕП","ГУЃАКОВО"
"MK0050815","ПЕЛАГОНИСКИ","ПРИЛЕП","ДАБНИЦА"
"MK0050816","ПЕЛАГОНИСКИ","ПРИЛЕП","ДРЕН"
"MK0050817","ПЕЛАГОНИСКИ","ПРИЛЕП","ДУЊЕ"
"MK0050818","ПЕЛАГОНИСКИ","ПРИЛЕП","ЕРЕКОВЦИ"
"MK0050819","ПЕЛАГОНИСКИ","ПРИЛЕП","ЖИВОВО"
"MK0050820","ПЕЛАГОНИСКИ","ПРИЛЕП","ЗАГОРАНИ"
"MK0050821","ПЕЛАГОНИСКИ","ПРИЛЕП","КАДИНО СЕЛО"
"MK0050822","ПЕЛАГОНИСКИ","ПРИЛЕП","КАЛЕН"
"MK0050823","ПЕЛАГОНИСКИ","ПРИЛЕП","КАНАТЛАРЦИ"
"MK0050824","ПЕЛАГОНИСКИ","ПРИЛЕП","КЛЕПАЧ"
"MK0050825","ПЕЛАГОНИСКИ","ПРИЛЕП","КОКРЕ"
"MK0050826","ПЕЛАГОНИСКИ","ПРИЛЕП","КРСТЕЦ"
"MK0050827","ПЕЛАГОНИСКИ","ПРИЛЕП","КРУШЕВИЦА"
"MK0050828","ПЕЛАГОНИСКИ","ПРИЛЕП","ЛЕНИШТА"
"MK0050829","ПЕЛАГОНИСКИ","ПРИЛЕП","ЛОПАТИЦА"
"MK0050830","ПЕЛАГОНИСКИ","ПРИЛЕП","МАЖУЧИШТЕ"
"MK0050831","ПЕЛАГОНИСКИ","ПРИЛЕП","МАЛ РАДОБИЛ"
"MK0050914","ПЕЛАГОНИСКИ","РЕСЕН","ЕВЛА"
"MK0060902","ПОЛОШКИ","ТЕТОВО","БРОДЕЦ"
"MK0070215","СЕВЕРОИСТОЧЕН","КРИВА ПАЛАНКА","КОНОПНИЦА"
"MK0070216","СЕВЕРОИСТОЧЕН","КРИВА ПАЛАНКА","КОСТУР"
"MK0070217","СЕВЕРОИСТОЧЕН","КРИВА ПАЛАНКА","КОШАРИ"
"MK0070218","СЕВЕРОИСТОЧЕН","КРИВА ПАЛАНКА","КРИВА ПАЛАНКА"
"MK0070316","СЕВЕРОИСТОЧЕН","КУМАНОВО","ЗУБОВЦЕ"
"MK0070317","СЕВЕРОИСТОЧЕН","КУМАНОВО","ЈАЧИНЦЕ"
"MK0070327","СЕВЕРОИСТОЧЕН","КУМАНОВО","ЛОПАТЕ"
"MK0070328","СЕВЕРОИСТОЧЕН","КУМАНОВО","ЉУБОДРАГ"
"MK0070329","СЕВЕРОИСТОЧЕН","КУМАНОВО","МУРГАШ"
"MK0070330","СЕВЕРОИСТОЧЕН","КУМАНОВО","НОВО СЕЛО"
"MK0070331","СЕВЕРОИСТОЧЕН","КУМАНОВО","НОВОСЕЉАНЕ"
"MK0070332","СЕВЕРОИСТОЧЕН","КУМАНОВО","ОРАШАЦ"
"MK0070333","СЕВЕРОИСТОЧЕН","КУМАНОВО","ПЕЗОВО"
"MK0070334","СЕВЕРОИСТОЧЕН","КУМАНОВО","ПРОЕВЦЕ"
"MK0070335","СЕВЕРОИСТОЧЕН","КУМАНОВО","ПЧИЊА"
"MK0070336","СЕВЕРОИСТОЧЕН","КУМАНОВО","РЕЖАНОВЦЕ"
"MK0070337","СЕВЕРОИСТОЧЕН","КУМАНОВО","РЕЧИЦА"
"MK0070338","СЕВЕРОИСТОЧЕН","КУМАНОВО","РОМАНОВЦЕ"
"MK0070339","СЕВЕРОИСТОЧЕН","КУМАНОВО","СКАЧКОВЦЕ"
"MK0070340","СЕВЕРОИСТОЧЕН","КУМАНОВО","СОПОТ"
"MK0070341","СЕВЕРОИСТОЧЕН","КУМАНОВО","СТУДЕНА БАРА"
"MK0070342","СЕВЕРОИСТОЧЕН","КУМАНОВО","СУШЕВО"
"MK0070343","СЕВЕРОИСТОЧЕН","КУМАНОВО","ТАБАНОВЦЕ"
"MK0080903","СКОПСКИ","КИСЕЛА ВОДА","УСЈЕ"
"MK0070344","СЕВЕРОИСТОЧЕН","КУМАНОВО","ТРОМЕЃА"
"MK0070345","СЕВЕРОИСТОЧЕН","КУМАНОВО","УМИН ДОЛ"
"MK0070346","СЕВЕРОИСТОЧЕН","КУМАНОВО","ЧЕРКЕЗИ"
"MK0070347","СЕВЕРОИСТОЧЕН","КУМАНОВО","ЧЕТИРЦЕ"
"MK0070348","СЕВЕРОИСТОЧЕН","КУМАНОВО","ШУПЉИ КАМЕН"
"MK0070401","СЕВЕРОИСТОЧЕН","ЛИПКОВО","АЛАШЕВЦЕ"
"MK0070402","СЕВЕРОИСТОЧЕН","ЛИПКОВО","БЕЛАНОВЦЕ"
"MK0070418","СЕВЕРОИСТОЧЕН","ЛИПКОВО","РОПАЛЦЕ"
"MK0070419","СЕВЕРОИСТОЧЕН","ЛИПКОВО","РУНИЦА"
"MK0070420","СЕВЕРОИСТОЧЕН","ЛИПКОВО","СЛУПЧАНЕ"
"MK0040502","ЈУГОИСТОЧЕН","ГЕВГЕЛИЈА","ГАБРОВО"
"MK0070421","СЕВЕРОИСТОЧЕН","ЛИПКОВО","СТРАЖА"
"MK0040503","ЈУГОИСТОЧЕН","ГЕВГЕЛИЈА","ГЕВГЕЛИЈА"
"MK0070422","СЕВЕРОИСТОЧЕН","ЛИПКОВО","СТРИМА"
"MK0040504","ЈУГОИСТОЧЕН","ГЕВГЕЛИЈА","ДАВИДОВО"
"MK0070501","СЕВЕРОИСТОЧЕН","РАНКОВЦЕ","БАРАТЛИЈА"
"MK0050310","ПЕЛАГОНИСКИ","ДОЛНЕНИ","ДОЛНЕНИ"
"MK0050311","ПЕЛАГОНИСКИ","ДОЛНЕНИ","ДРЕНОВЦИ"
"MK0050312","ПЕЛАГОНИСКИ","ДОЛНЕНИ","ДУПЈАЧАНИ"
"MK0031321","ЈУГОЗАПАДЕН","ЦЕНТАР ЖУПА","ПРАЛЕНИК"
"MK0031323","ЈУГОЗАПАДЕН","ЦЕНТАР ЖУПА","ЦРНО БОЦИ"
"MK0050318","ПЕЛАГОНИСКИ","ДОЛНЕНИ","КОСТИНЦИ"
"MK0050319","ПЕЛАГОНИСКИ","ДОЛНЕНИ","КОШИНО"
"MK0050320","ПЕЛАГОНИСКИ","ДОЛНЕНИ","КУТЛЕШЕВО"
"MK0050321","ПЕЛАГОНИСКИ","ДОЛНЕНИ","ЛАЖАНИ"
"MK0050322","ПЕЛАГОНИСКИ","ДОЛНЕНИ","ЛОКВЕНИ"
"MK0050323","ПЕЛАГОНИСКИ","ДОЛНЕНИ","МАЛО МРАМОРАНИ"
"MK0050324","ПЕЛАГОНИСКИ","ДОЛНЕНИ","МАРГАРИ"
"MK0050325","ПЕЛАГОНИСКИ","ДОЛНЕНИ","НЕБРЕГОВО"
"MK0050326","ПЕЛАГОНИСКИ","ДОЛНЕНИ","НОВОСЕЛАНИ"
"MK0050327","ПЕЛАГОНИСКИ","ДОЛНЕНИ","ПЕШТАЛЕВО"
"MK0050328","ПЕЛАГОНИСКИ","ДОЛНЕНИ","РИЛЕВО"
"MK0050809","ПЕЛАГОНИСКИ","ПРИЛЕП","ВОЛКОВО"
"MK0040415","ЈУГОИСТОЧЕН","ВАСИЛЕВО","СЕДЛАРЦИ"
"MK0040416","ЈУГОИСТОЧЕН","ВАСИЛЕВО","СУШЕВО"
"MK0040417","ЈУГОИСТОЧЕН","ВАСИЛЕВО","ТРЕБИЧИНО"
"MK0040418","ЈУГОИСТОЧЕН","ВАСИЛЕВО","ЧАНАКЛИЈА"
"MK0070403","СЕВЕРОИСТОЧЕН","ЛИПКОВО","ВАКСИНЦЕ"
"MK0070404","СЕВЕРОИСТОЧЕН","ЛИПКОВО","ВИШТИЦА"
"MK0070405","СЕВЕРОИСТОЧЕН","ЛИПКОВО","ГЛАЖЊА"
"MK0070406","СЕВЕРОИСТОЧЕН","ЛИПКОВО","ГОШИНЦЕ"
"MK0070407","СЕВЕРОИСТОЧЕН","ЛИПКОВО","ДУМАНОВЦЕ"
"MK0070408","СЕВЕРОИСТОЧЕН","ЛИПКОВО","ЗЛОКУЌАНЕ"
"MK0070409","СЕВЕРОИСТОЧЕН","ЛИПКОВО","ИЗВОР"
"MK0070410","СЕВЕРОИСТОЧЕН","ЛИПКОВО","ЛИПКОВО"
"MK0070411","СЕВЕРОИСТОЧЕН","ЛИПКОВО","ЛОЈАНЕ"
"MK0070412","СЕВЕРОИСТОЧЕН","ЛИПКОВО","МАТЕЈЧЕ"
"MK0070413","СЕВЕРОИСТОЧЕН","ЛИПКОВО","НИКУШТАК"
"MK0070415","СЕВЕРОИСТОЧЕН","ЛИПКОВО","ОРИЗАРИ"
"MK0070416","СЕВЕРОИСТОЧЕН","ЛИПКОВО","ОТЉА"
"MK0010121","ВАРДАРСКИ","ВЕЛЕС","РЛЕВЦИ"
"MK0010122","ВАРДАРСКИ","ВЕЛЕС","РУДНИК"
"MK0010123","ВАРДАРСКИ","ВЕЛЕС","С’ЛП"
"MK0010124","ВАРДАРСКИ","ВЕЛЕС","СЛИВНИК"
"MK0010126","ВАРДАРСКИ","ВЕЛЕС","СОПОТ"
"MK0021137","ИСТОЧЕН","ШТИП","ХАЏИ-СЕЈДЕЛИ"
"MK0021138","ИСТОЧЕН","ШТИП","ХАЏИ-ХАМЗАЛИ"
"MK0030702","ЈУГОЗАПАДЕН","КИЧЕВО","КНЕЖИНО"
"MK0030703","ЈУГОЗАПАДЕН","КИЧЕВО","ЛАЗАРОВЦИ"
"MK0030704","ЈУГОЗАПАДЕН","КИЧЕВО","МАМУДОВЦИ"
"MK0030706","ЈУГОЗАПАДЕН","КИЧЕВО","РАШТАНИ"
"MK0030707","ЈУГОЗАПАДЕН","КИЧЕВО","ТРАПЧИН ДОЛ"
"MK0030708","ЈУГОЗАПАДЕН","КИЧЕВО","АРАНГЕЛ"
"MK0030709","ЈУГОЗАПАДЕН","КИЧЕВО","АТИШТА"
"MK0030710","ЈУГОЗАПАДЕН","КИЧЕВО","БАЧИШТА"
"MK0030711","ЈУГОЗАПАДЕН","КИЧЕВО","БЕЛИЦА"
"MK0030712","ЈУГОЗАПАДЕН","КИЧЕВО","БЕРИКОВО"
"MK0031249","ЈУГОЗАПАДЕН","СТРУГА","ФРАНГОВО"
"MK0050223","ПЕЛАГОНИСКИ","ДЕМИР ХИСАР","МАЛО ИЛИНО"
"MK0050224","ПЕЛАГОНИСКИ","ДЕМИР ХИСАР","МРЕНОГА"
"MK0041010","ЈУГОИСТОЧЕН","СТРУМИЦА","ДОРЛОМБОС"
"MK0041011","ЈУГОИСТОЧЕН","СТРУМИЦА","ЗЛЕШЕВО"
"MK0041012","ЈУГОИСТОЧЕН","СТРУМИЦА","КОСТУРИНО"
"MK0041013","ЈУГОИСТОЧЕН","СТРУМИЦА","КУКЛИШ"
"MK0081205","СКОПСКИ","СОПИШТЕ","ДОЛНО СОЊЕ"
"MK0081206","СКОПСКИ","СОПИШТЕ","ДРЖИЛОВО"
"MK0081207","СКОПСКИ","СОПИШТЕ","ЈАБОЛЦИ"
"MK0081212","СКОПСКИ","СОПИШТЕ","СОПИШТЕ"
"MK0060901","ПОЛОШКИ","ТЕТОВО","БОЗОВЦЕ"
"MK0070607","СЕВЕРОИСТОЧЕН","СТАРО НАГОРИЧАНЕ","ВОЈНИК"
"MK0081318","СКОПСКИ","СТУДЕНИЧАНИ","ЦРВЕНА ВОДА"
"MK0081319","СКОПСКИ","СТУДЕНИЧАНИ","ЦРН ВРВ"
"MK0081401","СКОПСКИ","ЦЕНТАР","СКОПЈЕ - ЦЕНТАР"
"MK0081501","СКОПСКИ","ЧАИР","СКОПЈЕ - ЧАИР"
"MK0081601","СКОПСКИ","ЧУЧЕР - САНДЕВО","БАЊАНЕ"
"MK0081602","СКОПСКИ","ЧУЧЕР - САНДЕВО","БЛАЦЕ"
"MK0081603","СКОПСКИ","ЧУЧЕР - САНДЕВО","БРАЗДА"
"MK0081604","СКОПСКИ","ЧУЧЕР - САНДЕВО","БРЕСТ"
"MK0081605","СКОПСКИ","ЧУЧЕР - САНДЕВО","БРОДЕЦ"
"MK0081606","СКОПСКИ","ЧУЧЕР - САНДЕВО","ГЛУВО"
"MK0081607","СКОПСКИ","ЧУЧЕР - САНДЕВО","ГОРЊАНЕ"
"MK0081608","СКОПСКИ","ЧУЧЕР - САНДЕВО","КУЧЕВИШТЕ"
"MK0081609","СКОПСКИ","ЧУЧЕР - САНДЕВО","МИРКОВЦИ"
"MK0081610","СКОПСКИ","ЧУЧЕР - САНДЕВО","ПОБОЖЈЕ"
"MK0081611","СКОПСКИ","ЧУЧЕР - САНДЕВО","ТАНУШЕВЦИ"
"MK0081612","СКОПСКИ","ЧУЧЕР - САНДЕВО","ЧУЧЕР - САНДЕВО"
"MK0081701","СКОПСКИ","ШУТО ОРИЗАРИ","ГОРНО ОРИЗАРИ"
"MK0081702","СКОПСКИ","ШУТО ОРИЗАРИ","СКОПЈЕ - ШУТО ОРИЗАРИ"
"MK0080613","СКОПСКИ","ЗЕЛЕНИКОВО","ТАОР"
"MK0020520","ИСТОЧЕН","КАРБИНЦИ","МИЧАК"
"MK0020102","ИСТОЧЕН","БЕРОВО","БУДИНАРЦИ"
"MK0020103","ИСТОЧЕН","БЕРОВО","ВЛАДИМИРОВО"
"MK0070417","СЕВЕРОИСТОЧЕН","ЛИПКОВО","Р’НКОВЦЕ"
"MK0040501","ЈУГОИСТОЧЕН","ГЕВГЕЛИЈА","БОГОРОДИЦА"
"MK0040507","ЈУГОИСТОЧЕН","ГЕВГЕЛИЈА","МИЛЕТКОВО"
"MK0040508","ЈУГОИСТОЧЕН","ГЕВГЕЛИЈА","МИРАВЦИ"
"MK0040510","ЈУГОИСТОЧЕН","ГЕВГЕЛИЈА","МРЗЕНЦИ"
"MK0021105","ИСТОЧЕН","ШТИП","ДОБРОШАНИ"
"MK0021106","ИСТОЧЕН","ШТИП","ДОЛАНИ"
"MK0010603","ВАРДАРСКИ","НЕГОТИНО","ВОЈШАНЦИ"
"MK0010604","ВАРДАРСКИ","НЕГОТИНО","ГОРНИ ДИСАН"
"MK0010605","ВАРДАРСКИ","НЕГОТИНО","ДОЛНИ ДИСАН"
"MK0010606","ВАРДАРСКИ","НЕГОТИНО","ДУБРОВО"
"MK0010607","ВАРДАРСКИ","НЕГОТИНО","ЈАНОШЕВО"
"MK0010608","ВАРДАРСКИ","НЕГОТИНО","КАЛАЊЕВО"
"MK0010609","ВАРДАРСКИ","НЕГОТИНО","КРИВОЛАК"
"MK0010610","ВАРДАРСКИ","НЕГОТИНО","КУРИЈА"
"MK0010611","ВАРДАРСКИ","НЕГОТИНО","ЛИПА"
"MK0010612","ВАРДАРСКИ","НЕГОТИНО","НЕГОТИНО"
"MK0040511","ЈУГОИСТОЧЕН","ГЕВГЕЛИЈА","НЕГОРЦИ"
"MK0040512","ЈУГОИСТОЧЕН","ГЕВГЕЛИЈА","НОВО КОЊСКО"
"MK0080704","СКОПСКИ","ИЛИНДЕН","БУЧИНЦИ"
"MK0080705","СКОПСКИ","ИЛИНДЕН","ДЕЉАДРОВЦИ"
"MK0080706","СКОПСКИ","ИЛИНДЕН","ИЛИНДЕН"
"MK0080708","СКОПСКИ","ИЛИНДЕН","МАРИНО"
"MK0080709","СКОПСКИ","ИЛИНДЕН","МИЛАДИНОВЦИ"
"MK0080710","СКОПСКИ","ИЛИНДЕН","МРАЛИНО"
"MK0080711","СКОПСКИ","ИЛИНДЕН","МРШЕВЦИ"
"MK0080712","СКОПСКИ","ИЛИНДЕН","ТЕКИЈА"
"MK0080801","СКОПСКИ","КАРПОШ","БАРДОВЦИ"
"MK0080802","СКОПСКИ","КАРПОШ","ГОРНО НЕРЕЗИ"
"MK0080803","СКОПСКИ","КАРПОШ","СКОПЈЕ - КАРПОШ"
"MK0080901","СКОПСКИ","КИСЕЛА ВОДА","ДРАЧЕВО"
"MK0080902","СКОПСКИ","КИСЕЛА ВОДА","СКОПЈЕ - КИСЕЛА ВОДА"
"MK0081001","СКОПСКИ","ПЕТРОВЕЦ","БАДАР"
"MK0020203","ИСТОЧЕН","ВИНИЦА","ВИНИЧКА КРШЛА"
"MK0010613","ВАРДАРСКИ","НЕГОТИНО","ПЕПЕЛИШТЕ"
"MK0010614","ВАРДАРСКИ","НЕГОТИНО","ПЕШТЕРНИЦА"
"MK0010617","ВАРДАРСКИ","НЕГОТИНО","ЦРВЕНИ БРЕГОВИ"
"MK0010618","ВАРДАРСКИ","НЕГОТИНО","ЏИДИМИРЦИ"
"MK0010701","ВАРДАРСКИ","РОСОМАН","ДЕБРИШТЕ"
"MK0010702","ВАРДАРСКИ","РОСОМАН","КАМЕН ДОЛ"
"MK0010703","ВАРДАРСКИ","РОСОМАН","КРУШЕВИЦА"
"MK0010704","ВАРДАРСКИ","РОСОМАН","МАНАСТИРЕЦ"
"MK0010705","ВАРДАРСКИ","РОСОМАН","МРЗЕН ОРАОВЕЦ"
"MK0010706","ВАРДАРСКИ","РОСОМАН","ПАЛИКУРА"
"MK0080410","СКОПСКИ","ГАЗИ БАБА","СМИЉКОВЦИ"
"MK0080411","СКОПСКИ","ГАЗИ БАБА","СТАЈКОВЦИ"
"MK0080412","СКОПСКИ","ГАЗИ БАБА","СТРАЧИНЦИ"
"MK0080413","СКОПСКИ","ГАЗИ БАБА","ТРУБАРЕВО"
"MK0080414","СКОПСКИ","ГАЗИ БАБА","ЦРЕШЕВО"
"MK0080501","СКОПСКИ","ЃОРЧЕ ПЕТРОВ","ВОЛКОВО"
"MK0080502","СКОПСКИ","ЃОРЧЕ ПЕТРОВ","ГРАЧАНИ"
"MK0080503","СКОПСКИ","ЃОРЧЕ ПЕТРОВ","КУЧКОВО"
"MK0080504","СКОПСКИ","ЃОРЧЕ ПЕТРОВ","НИКИШТАНЕ"
"MK0080505","СКОПСКИ","ЃОРЧЕ ПЕТРОВ","НОВО СЕЛО"
"MK0080506","СКОПСКИ","ЃОРЧЕ ПЕТРОВ","ОРМАН"
"MK0080507","СКОПСКИ","ЃОРЧЕ ПЕТРОВ","СКОПЈЕ - ЃОРЧЕ ПЕТРОВ"
"MK0080601","СКОПСКИ","ЗЕЛЕНИКОВО","ВРАЖАЛЕ"
"MK0080602","СКОПСКИ","ЗЕЛЕНИКОВО","ГРАДОВЦИ"
"MK0080603","СКОПСКИ","ЗЕЛЕНИКОВО","ГУМАЛЕВО"
"MK0080604","СКОПСКИ","ЗЕЛЕНИКОВО","ДЕЈКОВЕЦ"
"MK0080605","СКОПСКИ","ЗЕЛЕНИКОВО","ДОБРИНО"
"MK0080606","СКОПСКИ","ЗЕЛЕНИКОВО","ЗЕЛЕНИКОВО"
"MK0080607","СКОПСКИ","ЗЕЛЕНИКОВО","НОВО СЕЛО"
"MK0080608","СКОПСКИ","ЗЕЛЕНИКОВО","ОРЕШАНИ"
"MK0080609","СКОПСКИ","ЗЕЛЕНИКОВО","ПАКОШЕВО"
"MK0080610","СКОПСКИ","ЗЕЛЕНИКОВО","ПАЛИГРАД"
"MK0081311","СКОПСКИ","СТУДЕНИЧАНИ","МОРАНИ"
"MK0081312","СКОПСКИ","СТУДЕНИЧАНИ","ОСИНЧАНИ"
"MK0081313","СКОПСКИ","СТУДЕНИЧАНИ","ПАГАРУША"
"MK0081314","СКОПСКИ","СТУДЕНИЧАНИ","РАМНИ ГАБЕР"
"MK0081315","СКОПСКИ","СТУДЕНИЧАНИ","СТУДЕНИЧАНИ"
"MK0081316","СКОПСКИ","СТУДЕНИЧАНИ","УМОВО"
"MK0020106","ИСТОЧЕН","БЕРОВО","МИТРАШИНЦИ"
"MK0020107","ИСТОЧЕН","БЕРОВО","РАТЕВО"
"MK0020108","ИСТОЧЕН","БЕРОВО","РУСИНОВО"
"MK0020109","ИСТОЧЕН","БЕРОВО","СМОЈМИРОВО"
"MK0020201","ИСТОЧЕН","ВИНИЦА","БЛАТЕЦ"
"MK0020202","ИСТОЧЕН","ВИНИЦА","ВИНИЦА"
"MK0020204","ИСТОЧЕН","ВИНИЦА","ГРАДЕЦ"
"MK0020205","ИСТОЧЕН","ВИНИЦА","ГРЉАНИ"
"MK0020206","ИСТОЧЕН","ВИНИЦА","ДРАГОБРАШТЕ"
"MK0060433","ПОЛОШКИ","ГОСТИВАР","ФОРИНО"
"MK0020207","ИСТОЧЕН","ВИНИЦА","ИСТИБАЊА"
"MK0020208","ИСТОЧЕН","ВИНИЦА","ЈАКИМОВО"
"MK0020209","ИСТОЧЕН","ВИНИЦА","КАЛИМАНЦИ"
"MK0020210","ИСТОЧЕН","ВИНИЦА","КРУШЕВО"
"MK0020211","ИСТОЧЕН","ВИНИЦА","ЛАКИ"
"MK0020212","ИСТОЧЕН","ВИНИЦА","ЛЕСКИ"
"MK0020213","ИСТОЧЕН","ВИНИЦА","ЛИПЕЦ"
"MK0020214","ИСТОЧЕН","ВИНИЦА","ПЕКЉАНИ"
"MK0031020","ЈУГОЗАПАДЕН","ОХРИД","ПЛАЌЕ"
"MK0020215","ИСТОЧЕН","ВИНИЦА","ТРСИНО"
"MK0020216","ИСТОЧЕН","ВИНИЦА","ЦРН КАМЕН"
"MK0040517","ЈУГОИСТОЧЕН","ГЕВГЕЛИЈА","ХУМА"
"MK0081306","СКОПСКИ","СТУДЕНИЧАНИ","ДРАЧЕВИЦА"
"MK0081307","СКОПСКИ","СТУДЕНИЧАНИ","ЕЛОВО"
"MK0081308","СКОПСКИ","СТУДЕНИЧАНИ","КАЛДИРЕЦ"
"MK0010412","ВАРДАРСКИ","КАВАДАРЦИ","ГРБОВЕЦ"
"MK0010413","ВАРДАРСКИ","КАВАДАРЦИ","ДАБНИШТЕ"
"MK0050939","ПЕЛАГОНИСКИ","РЕСЕН","СОПОТСКО"
"MK0050940","ПЕЛАГОНИСКИ","РЕСЕН","СТЕЊЕ"
"MK0050941","ПЕЛАГОНИСКИ","РЕСЕН","СТИПОНА"
"MK0050302","ПЕЛАГОНИСКИ","ДОЛНЕНИ","БРАИЛОВО"
"MK0050303","ПЕЛАГОНИСКИ","ДОЛНЕНИ","ВРАНЧЕ"
"MK0050304","ПЕЛАГОНИСКИ","ДОЛНЕНИ","ГОРНО СЕЛО"
"MK0050305","ПЕЛАГОНИСКИ","ДОЛНЕНИ","ГОСТИРАЖНИ"
"MK0050306","ПЕЛАГОНИСКИ","ДОЛНЕНИ","ДАБЈАНИ"
"MK0050307","ПЕЛАГОНИСКИ","ДОЛНЕНИ","ДЕБРЕШТЕ"
"MK0050308","ПЕЛАГОНИСКИ","ДОЛНЕНИ","ДЕСОВО"
"MK0050309","ПЕЛАГОНИСКИ","ДОЛНЕНИ","ДОЛГАЕЦ"
"MK0080611","СКОПСКИ","ЗЕЛЕНИКОВО","СМЕСНИЦА"
"MK0080612","СКОПСКИ","ЗЕЛЕНИКОВО","СТРАХОЈАДИЦА"
"MK0080614","СКОПСКИ","ЗЕЛЕНИКОВО","ТИСОВИЦА"
"MK0080701","СКОПСКИ","ИЛИНДЕН","АЈВАТОВЦИ"
"MK0080702","СКОПСКИ","ИЛИНДЕН","БУЈКОВЦИ"
"MK0080703","СКОПСКИ","ИЛИНДЕН","БУНАРЏИК"
"MK0081002","СКОПСКИ","ПЕТРОВЕЦ","БЛАЦЕ"
"MK0081003","СКОПСКИ","ПЕТРОВЕЦ","БРЕЗНИЦА"
"MK0081004","СКОПСКИ","ПЕТРОВЕЦ","ГОРНО КОЊАРИ"
"MK0081005","СКОПСКИ","ПЕТРОВЕЦ","ГРАДМАНЦИ"
"MK0081006","СКОПСКИ","ПЕТРОВЕЦ","ДИВЉЕ"
"MK0081007","СКОПСКИ","ПЕТРОВЕЦ","ДОЛНО КОЊАРИ"
"MK0081008","СКОПСКИ","ПЕТРОВЕЦ","КАТЛАНОВО"
"MK0081010","СКОПСКИ","ПЕТРОВЕЦ","ЛЕТЕВЦИ"
"MK0081011","СКОПСКИ","ПЕТРОВЕЦ","ОГЊАНЦИ"
"MK0081012","СКОПСКИ","ПЕТРОВЕЦ","ПЕТРОВЕЦ"
"MK0081013","СКОПСКИ","ПЕТРОВЕЦ","Р’ЖАНИЧИНО"
"MK0081014","СКОПСКИ","ПЕТРОВЕЦ","СРЕДНО КОЊАРИ"
"MK0081015","СКОПСКИ","ПЕТРОВЕЦ","СУШИЦА"
"MK0081016","СКОПСКИ","ПЕТРОВЕЦ","ЌОЈЛИЈА"
"MK0081101","СКОПСКИ","САРАЈ","АРНАКИЈА"
"MK0081102","СКОПСКИ","САРАЈ","БОЈАНЕ"
"MK0081103","СКОПСКИ","САРАЈ","БУКОВИЌ"
"MK0081104","СКОПСКИ","САРАЈ","ГЛУМОВО"
"MK0020933","ИСТОЧЕН","ПРОБИШТИП","ТРИПАТАНЦИ"
"MK0081105","СКОПСКИ","САРАЈ","ГОРНО СВИЛАРЕ"
"MK0081106","СКОПСКИ","САРАЈ","ГРЧЕЦ"
"MK0081107","СКОПСКИ","САРАЈ","ДВОРЦЕ"
"MK0081108","СКОПСКИ","САРАЈ","ДОЛНО СВИЛАРЕ"
"MK0081109","СКОПСКИ","САРАЈ","КОНДОВО"
"MK0081110","СКОПСКИ","САРАЈ","КОПАНИЦА"
"MK0081111","СКОПСКИ","САРАЈ","КРУШОПЕК"
"MK0081112","СКОПСКИ","САРАЈ","ЛАСКАРЦИ"
"MK0081113","СКОПСКИ","САРАЈ","ЉУБИН"
"MK0081114","СКОПСКИ","САРАЈ","МАТКА"
"MK0081115","СКОПСКИ","САРАЈ","ПАНИЧАРИ"
"MK0081116","СКОПСКИ","САРАЈ","РАДУША"
"MK0081117","СКОПСКИ","САРАЈ","РАОВИЌ"
"MK0081118","СКОПСКИ","САРАЈ","РАШЧЕ"
"MK0081119","СКОПСКИ","САРАЈ","РУДНИК РАДУША"
"MK0081120","СКОПСКИ","САРАЈ","СЕМЕНИШТЕ"
"MK0081121","СКОПСКИ","САРАЈ","СКОПЈЕ - САРАЈ"
"MK0081122","СКОПСКИ","САРАЈ","ЧАЈЛАНЕ"
"MK0081309","СКОПСКИ","СТУДЕНИЧАНИ","МАЛЧИШТЕ"
"MK0081310","СКОПСКИ","СТУДЕНИЧАНИ","МАРКОВА СУШИЦА"
"MK0010116","ВАРДАРСКИ","ВЕЛЕС","НОВАЧАНИ"
"MK0010118","ВАРДАРСКИ","ВЕЛЕС","ОРАОВЕЦ"
"MK0010119","ВАРДАРСКИ","ВЕЛЕС","ОТОВИЦА"
"MK0010120","ВАРДАРСКИ","ВЕЛЕС","РАШТАНИ"
"MK0050610","ПЕЛАГОНИСКИ","МОГИЛА","ИВАЊЕВЦИ"
"MK0050611","ПЕЛАГОНИСКИ","МОГИЛА","ЛОЗНАНИ"
"MK0050612","ПЕЛАГОНИСКИ","МОГИЛА","МОГИЛА"
"MK0050613","ПЕЛАГОНИСКИ","МОГИЛА","МОЈНО"
"MK0050614","ПЕЛАГОНИСКИ","МОГИЛА","МУСИНЦИ"
"MK0050615","ПЕЛАГОНИСКИ","МОГИЛА","НОВОСЕЛАНИ"
"MK0050616","ПЕЛАГОНИСКИ","МОГИЛА","НОШПАЛ"
"MK0050617","ПЕЛАГОНИСКИ","МОГИЛА","ПОДИНО"
"MK0050618","ПЕЛАГОНИСКИ","МОГИЛА","ПУТУРУС"
"MK0050619","ПЕЛАГОНИСКИ","МОГИЛА","РАДОБОР"
"MK0050701","ПЕЛАГОНИСКИ","НОВАЦИ","АРМАТУШ"
"MK0050702","ПЕЛАГОНИСКИ","НОВАЦИ","БАЛДОВЕНЦИ"
"MK0050703","ПЕЛАГОНИСКИ","НОВАЦИ","БАЧ"
"MK0050704","ПЕЛАГОНИСКИ","НОВАЦИ","БИЉАНИК"
"MK0050717","ПЕЛАГОНИСКИ","НОВАЦИ","ДАЛБЕГОВЦИ"
"MK0050718","ПЕЛАГОНИСКИ","НОВАЦИ","ДОБРОВЕНИ"
"MK0050719","ПЕЛАГОНИСКИ","НОВАЦИ","ДОБРОМИРИ"
"MK0050720","ПЕЛАГОНИСКИ","НОВАЦИ","ДОЛНО АГЛАРЦИ"
"MK0050721","ПЕЛАГОНИСКИ","НОВАЦИ","ДОЛНО ОРЕХОВО"
"MK0050722","ПЕЛАГОНИСКИ","НОВАЦИ","ЖИВОЈНО"
"MK0050723","ПЕЛАГОНИСКИ","НОВАЦИ","ЗОВИЌ 1"
"MK0050724","ПЕЛАГОНИСКИ","НОВАЦИ","ЗОВИЌ 2"
"MK0050725","ПЕЛАГОНИСКИ","НОВАЦИ","ИВЕНИ"
"MK0050726","ПЕЛАГОНИСКИ","НОВАЦИ","МАКОВО"
"MK0050727","ПЕЛАГОНИСКИ","НОВАЦИ","МЕГЛЕНЦИ"
"MK0050728","ПЕЛАГОНИСКИ","НОВАЦИ","НОВАЦИ"
"MK0050729","ПЕЛАГОНИСКИ","НОВАЦИ","НОВО СЕЛО"
"MK0050730","ПЕЛАГОНИСКИ","НОВАЦИ","ОРЛЕ"
"MK0070109","СЕВЕРОИСТОЧЕН","КРАТОВО","КЕТЕНОВО"
"MK0060426","ПОЛОШКИ","ГОСТИВАР","СИМНИЦА"
"MK0050731","ПЕЛАГОНИСКИ","НОВАЦИ","ПАРАЛОВО"
"MK0050732","ПЕЛАГОНИСКИ","НОВАЦИ","ПЕТАЛИНО"
"MK0050733","ПЕЛАГОНИСКИ","НОВАЦИ","ПОЛОГ"
"MK0050734","ПЕЛАГОНИСКИ","НОВАЦИ","РАПЕШ"
"MK0050735","ПЕЛАГОНИСКИ","НОВАЦИ","РИБАРЦИ"
"MK0050736","ПЕЛАГОНИСКИ","НОВАЦИ","СКОЧИВИР"
"MK0050409","ПЕЛАГОНИСКИ","КРИВОГАШТАНИ","МИРЧЕ АЦЕВ"
"MK0050410","ПЕЛАГОНИСКИ","КРИВОГАШТАНИ","ОБРШАНИ"
"MK0050411","ПЕЛАГОНИСКИ","КРИВОГАШТАНИ","ПАШИНО РУВЦИ"
"MK0050412","ПЕЛАГОНИСКИ","КРИВОГАШТАНИ","ПОДВИС"
"MK0050413","ПЕЛАГОНИСКИ","КРИВОГАШТАНИ","СЛАВЕЈ"
"MK0050501","ПЕЛАГОНИСКИ","КРУШЕВО","АЛДАНЦИ"
"MK0050502","ПЕЛАГОНИСКИ","КРУШЕВО","АРИЛЕВО"
"MK0050503","ПЕЛАГОНИСКИ","КРУШЕВО","БЕЛУШИНО"
"MK0050504","ПЕЛАГОНИСКИ","КРУШЕВО","БИРИНО"
"MK0050507","ПЕЛАГОНИСКИ","КРУШЕВО","ВРБОЕЦ"
"MK0050944","ПЕЛАГОНИСКИ","РЕСЕН","ШУРЛЕНЦИ"
"MK0060101","ПОЛОШКИ","БОГОВИЊЕ","БОГОВИЊЕ"
"MK0060102","ПОЛОШКИ","БОГОВИЊЕ","ГОРНО ПАЛЧИШТЕ"
"MK0060103","ПОЛОШКИ","БОГОВИЊЕ","ГОРНО СЕДЛАРЦЕ"
"MK0060104","ПОЛОШКИ","БОГОВИЊЕ","ДОЛНО ПАЛЧИШТЕ"
"MK0060105","ПОЛОШКИ","БОГОВИЊЕ","ЖЕРОВЈАНЕ"
"MK0060106","ПОЛОШКИ","БОГОВИЊЕ","ЈЕЛОВЈАНЕ"
"MK0060107","ПОЛОШКИ","БОГОВИЊЕ","КАМЕЊАНЕ"
"MK0060108","ПОЛОШКИ","БОГОВИЊЕ","НОВАЌЕ"
"MK0060109","ПОЛОШКИ","БОГОВИЊЕ","НОВО СЕЛО"
"MK0060110","ПОЛОШКИ","БОГОВИЊЕ","ПИРОК"
"MK0050508","ПЕЛАГОНИСКИ","КРУШЕВО","ГОРНО ДИВЈАЦИ"
"MK0050509","ПЕЛАГОНИСКИ","КРУШЕВО","ДОЛНО ДИВЈАЦИ"
"MK0050510","ПЕЛАГОНИСКИ","КРУШЕВО","ЈАКРЕНОВО"
"MK0050511","ПЕЛАГОНИСКИ","КРУШЕВО","КРУШЕВО"
"MK0050516","ПЕЛАГОНИСКИ","КРУШЕВО","ПУСТА РЕКА"
"MK0050517","ПЕЛАГОНИСКИ","КРУШЕВО","САЖДЕВО"
"MK0050518","ПЕЛАГОНИСКИ","КРУШЕВО","СВЕТО МИТРАНИ"
"MK0050519","ПЕЛАГОНИСКИ","КРУШЕВО","СЕЛЦЕ"
"MK0050601","ПЕЛАГОНИСКИ","МОГИЛА","АЛИНЦИ"
"MK0050602","ПЕЛАГОНИСКИ","МОГИЛА","БЕРАНЦИ"
"MK0060714","ПОЛОШКИ","МАВРОВО И РОСТУША","ДУФ"
"MK0041014","ЈУГОИСТОЧЕН","СТРУМИЦА","МЕМЕШЛИ"
"MK0021124","ИСТОЧЕН","ШТИП","СЕЛЦЕ"
"MK0050135","ПЕЛАГОНИСКИ","БИТОЛА","ЛЕРА"
"MK0010403","ВАРДАРСКИ","КАВАДАРЦИ","БОХУЛА"
"MK0060503","ПОЛОШКИ","ЖЕЛИНО","ДОБАРЦЕ"
"MK0060730","ПОЛОШКИ","МАВРОВО И РОСТУША","ПРИСОЈНИЦА"
"MK0060731","ПОЛОШКИ","МАВРОВО И РОСТУША","РИБНИЦА"
"MK0021136","ИСТОЧЕН","ШТИП","ХАЏИ-РЕЏЕПЛИ"
"MK0081305","СКОПСКИ","СТУДЕНИЧАНИ","ДОЛНО КОЛИЧАНИ"
"MK0060903","ПОЛОШКИ","ТЕТОВО","ВЕЈЦЕ"
"MK0060904","ПОЛОШКИ","ТЕТОВО","ВЕШАЛА"
"MK0060905","ПОЛОШКИ","ТЕТОВО","ГАЈРЕ"
"MK0060906","ПОЛОШКИ","ТЕТОВО","ГОЛЕМА РЕЧИЦА"
"MK0060907","ПОЛОШКИ","ТЕТОВО","ЃЕРМО"
"MK0060908","ПОЛОШКИ","ТЕТОВО","ЈЕДОАРЦЕ"
"MK0060909","ПОЛОШКИ","ТЕТОВО","ЛАВЦЕ"
"MK0060910","ПОЛОШКИ","ТЕТОВО","ЛИСЕЦ"
"MK0060911","ПОЛОШКИ","ТЕТОВО","МАЛА РЕЧИЦА"
"MK0060912","ПОЛОШКИ","ТЕТОВО","ОТУЊЕ"
"MK0060913","ПОЛОШКИ","ТЕТОВО","ПОРОЈ"
"MK0060914","ПОЛОШКИ","ТЕТОВО","САРАЌИНО"
"MK0060915","ПОЛОШКИ","ТЕТОВО","СЕЛЦЕ"
"MK0060916","ПОЛОШКИ","ТЕТОВО","СЕТОЛЕ"
"MK0060917","ПОЛОШКИ","ТЕТОВО","ТЕТОВО"
"MK0060918","ПОЛОШКИ","ТЕТОВО","ФАЛИШ"
"MK0060919","ПОЛОШКИ","ТЕТОВО","ЏЕПЧИШТЕ"
"MK0060920","ПОЛОШКИ","ТЕТОВО","ШИПКОВИЦА"
"MK0070101","СЕВЕРОИСТОЧЕН","КРАТОВО","БЛИЗАНЦИ"
"MK0070102","СЕВЕРОИСТОЧЕН","КРАТОВО","ВАКУФ"
"MK0070103","СЕВЕРОИСТОЧЕН","КРАТОВО","ГОРНО КРАТОВО"
"MK0070104","СЕВЕРОИСТОЧЕН","КРАТОВО","ДИМОНЦЕ"
"MK0070105","СЕВЕРОИСТОЧЕН","КРАТОВО","ЕМИРИЦА"
"MK0070106","СЕВЕРОИСТОЧЕН","КРАТОВО","ЖЕЛЕЗНИЦА"
"MK0070107","СЕВЕРОИСТОЧЕН","КРАТОВО","ЖИВАЛЕВО"
"MK0010117","ВАРДАРСКИ","ВЕЛЕС","НОВО СЕЛО"
"MK0070108","СЕВЕРОИСТОЧЕН","КРАТОВО","КАВРАК"
"MK0070110","СЕВЕРОИСТОЧЕН","КРАТОВО","КНЕЖЕВО"
"MK0070111","СЕВЕРОИСТОЧЕН","КРАТОВО","КОЈКОВО"
"MK0070112","СЕВЕРОИСТОЧЕН","КРАТОВО","КОЊУХ"
"MK0070113","СЕВЕРОИСТОЧЕН","КРАТОВО","КРАТОВО"
"MK0070114","СЕВЕРОИСТОЧЕН","КРАТОВО","КРИЛАТИЦА"
"MK0070115","СЕВЕРОИСТОЧЕН","КРАТОВО","КУКЛИЦА"
"MK0070116","СЕВЕРОИСТОЧЕН","КРАТОВО","КУНОВО"
"MK0070301","СЕВЕРОИСТОЧЕН","КУМАНОВО","АГИНО СЕЛО"
"MK0070303","СЕВЕРОИСТОЧЕН","КУМАНОВО","БЕЉАКОВЦЕ"
"MK0070304","СЕВЕРОИСТОЧЕН","КУМАНОВО","БИЉАНОВЦЕ"
"MK0070305","СЕВЕРОИСТОЧЕН","КУМАНОВО","БРЗАК"
"MK0020511","ИСТОЧЕН","КАРБИНЦИ","КАЛАУЗЛИЈА"
"MK0020512","ИСТОЧЕН","КАРБИНЦИ","КАРБИНЦИ"
"MK0020513","ИСТОЧЕН","КАРБИНЦИ","КЕПЕКЧЕЛИЈА"
"MK0020514","ИСТОЧЕН","КАРБИНЦИ","КОЗЈАК"
"MK0020515","ИСТОЧЕН","КАРБИНЦИ","КРУПИШТЕ"
"MK0060302","ПОЛОШКИ","ВРАПЧИШТЕ","ВРАПЧИШТЕ"
"MK0060303","ПОЛОШКИ","ВРАПЧИШТЕ","ГАЛАТЕ"
"MK0060304","ПОЛОШКИ","ВРАПЧИШТЕ","ГОРЈАНЕ"
"MK0060305","ПОЛОШКИ","ВРАПЧИШТЕ","ГРАДЕЦ"
"MK0060306","ПОЛОШКИ","ВРАПЧИШТЕ","ДОБРИ ДОЛ"
"MK0060307","ПОЛОШКИ","ВРАПЧИШТЕ","ЃУРЃЕВИШТЕ"
"MK0060308","ПОЛОШКИ","ВРАПЧИШТЕ","ЗУБОВЦЕ"
"MK0060309","ПОЛОШКИ","ВРАПЧИШТЕ","КАЛИШТЕ"
"MK0060310","ПОЛОШКИ","ВРАПЧИШТЕ","ЛОМНИЦА"
"MK0081009","СКОПСКИ","ПЕТРОВЕЦ","КОЖЛЕ"
"MK0060311","ПОЛОШКИ","ВРАПЧИШТЕ","НЕГОТИНО - ПОЛОШКО"
"MK0060312","ПОЛОШКИ","ВРАПЧИШТЕ","НОВО СЕЛО"
"MK0060313","ПОЛОШКИ","ВРАПЧИШТЕ","ПОЖАРАНЕ"
"MK0060314","ПОЛОШКИ","ВРАПЧИШТЕ","СЕНОКОС"
"MK0060315","ПОЛОШКИ","ВРАПЧИШТЕ","ТОПЛИЦА"
"MK0060401","ПОЛОШКИ","ГОСТИВАР","БАЛИН ДОЛ"
"MK0060402","ПОЛОШКИ","ГОСТИВАР","БЕЛОВИШТЕ"
"MK0060403","ПОЛОШКИ","ГОСТИВАР","БРОДЕЦ"
"MK0010436","ВАРДАРСКИ","КАВАДАРЦИ","СТРАГОВО"
"MK0010438","ВАРДАРСКИ","КАВАДАРЦИ","ЧЕМЕРСКО"
"MK0010439","ВАРДАРСКИ","КАВАДАРЦИ","ШЕШКОВО"
"MK0010440","ВАРДАРСКИ","КАВАДАРЦИ","ШИВЕЦ"
"MK0010501","ВАРДАРСКИ","ЛОЗОВО","АЏИБЕГОВО"
"MK0010503","ВАРДАРСКИ","ЛОЗОВО","БЕКИРЛИЈА"
"MK0010504","ВАРДАРСКИ","ЛОЗОВО","ДОРФУЛИЈА"
"MK0010505","ВАРДАРСКИ","ЛОЗОВО","ЃУЗЕМЕЛЦИ"
"MK0010506","ВАРДАРСКИ","ЛОЗОВО","КАРАТМАНОВО"
"MK0010508","ВАРДАРСКИ","ЛОЗОВО","ЛОЗОВО"
"MK0010509","ВАРДАРСКИ","ЛОЗОВО","МИЛИНО"
"MK0010510","ВАРДАРСКИ","ЛОЗОВО","САРАМЗАЛИНО"
"MK0010511","ВАРДАРСКИ","ЛОЗОВО","ЌОСЕЛАРИ"
"MK0060404","ПОЛОШКИ","ГОСТИВАР","ВРУТОК"
"MK0060405","ПОЛОШКИ","ГОСТИВАР","ГОРНА БАЊИЦА"
"MK0060406","ПОЛОШКИ","ГОСТИВАР","ГОРНА ЃОНОВИЦА"
"MK0060407","ПОЛОШКИ","ГОСТИВАР","ГОРНО ЈЕЛОВЦЕ"
"MK0060408","ПОЛОШКИ","ГОСТИВАР","ГОСТИВАР"
"MK0070414","СЕВЕРОИСТОЧЕН","ЛИПКОВО","ОПАЕ"
"MK0060409","ПОЛОШКИ","ГОСТИВАР","ДЕБРЕШЕ"
"MK0060410","ПОЛОШКИ","ГОСТИВАР","ДОЛНА БАЊИЦА"
"MK0060411","ПОЛОШКИ","ГОСТИВАР","ДОЛНА ЃОНОВИЦА"
"MK0060412","ПОЛОШКИ","ГОСТИВАР","ДОЛНО ЈЕЛОВЦЕ"
"MK0060413","ПОЛОШКИ","ГОСТИВАР","ЖЕЛЕЗНА РЕКА"
"MK0060414","ПОЛОШКИ","ГОСТИВАР","ЗДУЊЕ"
"MK0060415","ПОЛОШКИ","ГОСТИВАР","КОРИТО"
"MK0060416","ПОЛОШКИ","ГОСТИВАР","КУНОВО"
"MK0060417","ПОЛОШКИ","ГОСТИВАР","ЛАКАВИЦА"
"MK0060418","ПОЛОШКИ","ГОСТИВАР","ЛЕШНИЦА"
"MK0060419","ПОЛОШКИ","ГОСТИВАР","МАЛО ТУРЧАНЕ"
"MK0060420","ПОЛОШКИ","ГОСТИВАР","МЕРДИТА"
"MK0060421","ПОЛОШКИ","ГОСТИВАР","МИТРОЈ КРСТИ"
"MK0060422","ПОЛОШКИ","ГОСТИВАР","ПАДАЛИШТЕ"
"MK0060423","ПОЛОШКИ","ГОСТИВАР","ПЕЧКОВО"
"MK0060425","ПОЛОШКИ","ГОСТИВАР","РЕЧАНЕ"
"MK0060427","ПОЛОШКИ","ГОСТИВАР","СРБИНОВО"
"MK0060428","ПОЛОШКИ","ГОСТИВАР","СТРАЈАНЕ"
"MK0060429","ПОЛОШКИ","ГОСТИВАР","СУШИЦА"
"MK0060430","ПОЛОШКИ","ГОСТИВАР","ТРНОВО"
"MK0060431","ПОЛОШКИ","ГОСТИВАР","ТУМЧЕВИШТЕ"
"MK0060435","ПОЛОШКИ","ГОСТИВАР","ЧЕГРАНЕ"
"MK0060501","ПОЛОШКИ","ЖЕЛИНО","ГОРНА ЛЕШНИЦА"
"MK0060502","ПОЛОШКИ","ЖЕЛИНО","ГРУПЧИН"
"MK0060507","ПОЛОШКИ","ЖЕЛИНО","ЛАРЦЕ"
"MK0060508","ПОЛОШКИ","ЖЕЛИНО","ЛУКОВИЦА"
"MK0060509","ПОЛОШКИ","ЖЕЛИНО","МЕРОВО"
"MK0060510","ПОЛОШКИ","ЖЕЛИНО","НОВО СЕЛО"
"MK0060511","ПОЛОШКИ","ЖЕЛИНО","ОЗОРМИШТЕ"
"MK0060512","ПОЛОШКИ","ЖЕЛИНО","ПАЛАТИЦА"
"MK0020921","ИСТОЧЕН","ПРОБИШТИП","ЛЕСНОВО"
"MK0060513","ПОЛОШКИ","ЖЕЛИНО","РОГЛЕ"
"MK0060514","ПОЛОШКИ","ЖЕЛИНО","СЕДЛАРЕВО"
"MK0060515","ПОЛОШКИ","ЖЕЛИНО","СТРИМНИЦА"
"MK0060516","ПОЛОШКИ","ЖЕЛИНО","ТРЕБОШ"
"MK0060517","ПОЛОШКИ","ЖЕЛИНО","ЦЕРОВО"
"MK0060518","ПОЛОШКИ","ЖЕЛИНО","ЧИФЛИК"
"MK0060601","ПОЛОШКИ","ЈЕГУНОВЦЕ","БЕЛОВИШТЕ"
"MK0060602","ПОЛОШКИ","ЈЕГУНОВЦЕ","ВРАТНИЦА"
"MK0060603","ПОЛОШКИ","ЈЕГУНОВЦЕ","ЖИЛЧЕ"
"MK0060604","ПОЛОШКИ","ЈЕГУНОВЦЕ","ЈАЖИНЦЕ"
"MK0010601","ВАРДАРСКИ","НЕГОТИНО","БРУСНИК"
"MK0010602","ВАРДАРСКИ","НЕГОТИНО","ВЕШЈЕ"
"MK0060605","ПОЛОШКИ","ЈЕГУНОВЦЕ","ЈАНЧИШТЕ"
"MK0060606","ПОЛОШКИ","ЈЕГУНОВЦЕ","ЈЕГУНОВЦЕ"
"MK0060607","ПОЛОШКИ","ЈЕГУНОВЦЕ","КОПАНЦЕ"
"MK0060608","ПОЛОШКИ","ЈЕГУНОВЦЕ","ОРАШЈЕ"
"MK0060609","ПОЛОШКИ","ЈЕГУНОВЦЕ","ПОДБРЕГЕ"
"MK0060610","ПОЛОШКИ","ЈЕГУНОВЦЕ","ПРЕЉУБИШТЕ"
"MK0060611","ПОЛОШКИ","ЈЕГУНОВЦЕ","РАОТИНЦЕ"
"MK0060612","ПОЛОШКИ","ЈЕГУНОВЦЕ","РАТАЕ"
"MK0060613","ПОЛОШКИ","ЈЕГУНОВЦЕ","РОГАЧЕВО"
"MK0060614","ПОЛОШКИ","ЈЕГУНОВЦЕ","СИРИЧИНО"
"MK0060615","ПОЛОШКИ","ЈЕГУНОВЦЕ","СТАРО СЕЛО"
"MK0060616","ПОЛОШКИ","ЈЕГУНОВЦЕ","ТУДЕНЦЕ"
"MK0060617","ПОЛОШКИ","ЈЕГУНОВЦЕ","ШЕМШЕВО"
"MK0060701","ПОЛОШКИ","МАВРОВО И РОСТУША","АЏИЕВЦИ"
"MK0060702","ПОЛОШКИ","МАВРОВО И РОСТУША","БЕЛИЧИЦА"
"MK0060703","ПОЛОШКИ","МАВРОВО И РОСТУША","БИБАЈ"
"MK0060704","ПОЛОШКИ","МАВРОВО И РОСТУША","БИТУШЕ"
"MK0060705","ПОЛОШКИ","МАВРОВО И РОСТУША","БОГДЕВО"
"MK0060706","ПОЛОШКИ","МАВРОВО И РОСТУША","БОЛЕТИН"
"MK0060707","ПОЛОШКИ","МАВРОВО И РОСТУША","ВЕЛЕБРДО"
"MK0060708","ПОЛОШКИ","МАВРОВО И РОСТУША","ВИДУШЕ"
"MK0060709","ПОЛОШКИ","МАВРОВО И РОСТУША","ВОЛКОВИЈА"
"MK0060710","ПОЛОШКИ","МАВРОВО И РОСТУША","ВРБЕН"
"MK0060711","ПОЛОШКИ","МАВРОВО И РОСТУША","ВРБЈАНИ"
"MK0060712","ПОЛОШКИ","МАВРОВО И РОСТУША","ГАЛИЧНИК"
"MK0060713","ПОЛОШКИ","МАВРОВО И РОСТУША","ГРЕКАЈ"
"MK0060715","ПОЛОШКИ","МАВРОВО И РОСТУША","ЖИРОВНИЦА"
"MK0060716","ПОЛОШКИ","МАВРОВО И РОСТУША","ЖУЖЊЕ"
"MK0060717","ПОЛОШКИ","МАВРОВО И РОСТУША","ЈАНЧЕ"
"MK0060718","ПОЛОШКИ","МАВРОВО И РОСТУША","КИЧИНИЦА"
"MK0060719","ПОЛОШКИ","МАВРОВО И РОСТУША","КРАКОРНИЦА"
"MK0060720","ПОЛОШКИ","МАВРОВО И РОСТУША","ЛАЗАРОПОЛЕ"
"MK0060721","ПОЛОШКИ","МАВРОВО И РОСТУША","ЛЕУНОВО"
"MK0060722","ПОЛОШКИ","МАВРОВО И РОСТУША","МАВРОВИ АНОВИ"
"MK0060723","ПОЛОШКИ","МАВРОВО И РОСТУША","МАВРОВО"
"MK0060724","ПОЛОШКИ","МАВРОВО И РОСТУША","НИВИШТЕ"
"MK0070502","СЕВЕРОИСТОЧЕН","РАНКОВЦЕ","ВЕТУНИЦА"
"MK0070503","СЕВЕРОИСТОЧЕН","РАНКОВЦЕ","ВРЖОГРНЦИ"
"MK0070504","СЕВЕРОИСТОЧЕН","РАНКОВЦЕ","ГЕРМАН"
"MK0070505","СЕВЕРОИСТОЧЕН","РАНКОВЦЕ","ГИНОВЦИ"
"MK0070506","СЕВЕРОИСТОЧЕН","РАНКОВЦЕ","ГУЛИНЦИ"
"MK0070507","СЕВЕРОИСТОЧЕН","РАНКОВЦЕ","КРИВИ КАМЕН"
"MK0070508","СЕВЕРОИСТОЧЕН","РАНКОВЦЕ","ЉУБИНЦИ"
"MK0070509","СЕВЕРОИСТОЧЕН","РАНКОВЦЕ","МИЛУТИНЦЕ"
"MK0070510","СЕВЕРОИСТОЧЕН","РАНКОВЦЕ","ОДРЕНО"
"MK0040505","ЈУГОИСТОЧЕН","ГЕВГЕЛИЈА","КОВАНЦИ"
"MK0070511","СЕВЕРОИСТОЧЕН","РАНКОВЦЕ","ОПИЛА"
"MK0070512","СЕВЕРОИСТОЧЕН","РАНКОВЦЕ","ОТОШНИЦА"
"MK0030317","ЈУГОЗАПАДЕН","ДЕБАР","ХАМЕ"
"MK0070513","СЕВЕРОИСТОЧЕН","РАНКОВЦЕ","П’КЛИШТЕ"
"MK0070514","СЕВЕРОИСТОЧЕН","РАНКОВЦЕ","ПЕТРАЛИЦА"
"MK0070515","СЕВЕРОИСТОЧЕН","РАНКОВЦЕ","ПСАЧА"
"MK0070516","СЕВЕРОИСТОЧЕН","РАНКОВЦЕ","РАДИБУШ"
"MK0070517","СЕВЕРОИСТОЧЕН","РАНКОВЦЕ","РАНКОВЦЕ"
"MK0070518","СЕВЕРОИСТОЧЕН","РАНКОВЦЕ","СТАНЧА"
"MK0070601","СЕВЕРОИСТОЧЕН","СТАРО НАГОРИЧАНЕ","АЛГУЊА"
"MK0070602","СЕВЕРОИСТОЧЕН","СТАРО НАГОРИЧАНЕ","АЉИНЦЕ"
"MK0020615","ИСТОЧЕН","КОЧАНИ","НЕБОЈАНИ"
"MK0070603","СЕВЕРОИСТОЧЕН","СТАРО НАГОРИЧАНЕ","АРБАНАШКО"
"MK0020616","ИСТОЧЕН","КОЧАНИ","НИВИЧАНИ"
"MK0070604","СЕВЕРОИСТОЧЕН","СТАРО НАГОРИЧАНЕ","БАЈЛОВЦЕ"
"MK0070605","СЕВЕРОИСТОЧЕН","СТАРО НАГОРИЧАНЕ","БРЕШКО"
"MK0070606","СЕВЕРОИСТОЧЕН","СТАРО НАГОРИЧАНЕ","БУКОВЉАНЕ"
"MK0081317","СКОПСКИ","СТУДЕНИЧАНИ","ЦВЕТОВО"
"MK0070608","СЕВЕРОИСТОЧЕН","СТАРО НАГОРИЧАНЕ","ВРАГОТУРЦЕ"
"MK0070609","СЕВЕРОИСТОЧЕН","СТАРО НАГОРИЧАНЕ","ВРАЧЕВЦЕ"
"MK0070610","СЕВЕРОИСТОЧЕН","СТАРО НАГОРИЧАНЕ","ДЕЈЛОВЦЕ"
"MK0070611","СЕВЕРОИСТОЧЕН","СТАРО НАГОРИЧАНЕ","ДЛАБОЧИЦА"
"MK0070612","СЕВЕРОИСТОЧЕН","СТАРО НАГОРИЧАНЕ","ДОБРАЧА"
"MK0070613","СЕВЕРОИСТОЧЕН","СТАРО НАГОРИЧАНЕ","ДРАГОМАНЦЕ"
"MK0070632","СЕВЕРОИСТОЧЕН","СТАРО НАГОРИЧАНЕ","РУЃИНЦЕ"
"MK0070633","СЕВЕРОИСТОЧЕН","СТАРО НАГОРИЧАНЕ","СТАРО НАГОРИЧАНЕ"
"MK0070634","СЕВЕРОИСТОЧЕН","СТАРО НАГОРИЧАНЕ","СТЕПАНЦЕ"
"MK0070635","СЕВЕРОИСТОЧЕН","СТАРО НАГОРИЧАНЕ","СТРЕЗОВЦЕ"
"MK0070636","СЕВЕРОИСТОЧЕН","СТАРО НАГОРИЧАНЕ","СТРНОВАЦ"
"MK0070637","СЕВЕРОИСТОЧЕН","СТАРО НАГОРИЧАНЕ","ЦВЕТИШНИЦА"
"MK0070638","СЕВЕРОИСТОЧЕН","СТАРО НАГОРИЧАНЕ","ЦВИЛАНЦЕ"
"MK0070639","СЕВЕРОИСТОЧЕН","СТАРО НАГОРИЧАНЕ","ЧЕЛОПЕК"
"MK0080101","СКОПСКИ","АЕРОДРОМ","ДОЛНО ЛИСИЧЕ"
"MK0080102","СКОПСКИ","АЕРОДРОМ","СКОПЈЕ - АЕРОДРОМ"
"MK0080201","СКОПСКИ","АРАЧИНОВО","АРАЧИНОВО"
"MK0080203","СКОПСКИ","АРАЧИНОВО","МОЈАНЦИ"
"MK0080204","СКОПСКИ","АРАЧИНОВО","ОРЛАНЦИ"
"MK0080301","СКОПСКИ","БУТЕЛ","ВИЗБЕГОВО"
"MK0080302","СКОПСКИ","БУТЕЛ","ЉУБАНЦИ"
"MK0080303","СКОПСКИ","БУТЕЛ","ЉУБОТЕН"
"MK0080304","СКОПСКИ","БУТЕЛ","РАДИШАНИ"
"MK0080305","СКОПСКИ","БУТЕЛ","СКОПЈЕ - БУТЕЛ"
"MK0080401","СКОПСКИ","ГАЗИ БАБА","БРЊАРЦИ"
"MK0080402","СКОПСКИ","ГАЗИ БАБА","БУЛАЧАНИ"
"MK0080403","СКОПСКИ","ГАЗИ БАБА","ГОЦЕ ДЕЛЧЕВ"
"MK0080404","СКОПСКИ","ГАЗИ БАБА","ИДРИЗОВО"
"MK0080405","СКОПСКИ","ГАЗИ БАБА","ИНЏИКОВО"
"MK0080406","СКОПСКИ","ГАЗИ БАБА","ЈУРУМЛЕРИ"
"MK0080407","СКОПСКИ","ГАЗИ БАБА","РАШТАК"
"MK0080408","СКОПСКИ","ГАЗИ БАБА","СИНГЕЛИЌ"
"MK0080409","СКОПСКИ","ГАЗИ БАБА","СКОПЈЕ - ГАЗИ БАБА"
"MK0020516","ИСТОЧЕН","КАРБИНЦИ","КУРФАЛИЈА"
"MK0020517","ИСТОЧЕН","КАРБИНЦИ","КУЧИЛАТ"
"MK0020518","ИСТОЧЕН","КАРБИНЦИ","КУЧИЦА"
"MK0020519","ИСТОЧЕН","КАРБИНЦИ","МАЛ ГАБЕР"
"MK0020521","ИСТОЧЕН","КАРБИНЦИ","МУРАТЛИЈА"
"MK0020522","ИСТОЧЕН","КАРБИНЦИ","НОВ КАРАОРМАН"
"MK0020523","ИСТОЧЕН","КАРБИНЦИ","ОЏАЛИЈА"
"MK0020524","ИСТОЧЕН","КАРБИНЦИ","ПРИПЕЧАНИ"
"MK0020525","ИСТОЧЕН","КАРБИНЦИ","ПРНАЛИЈА"
"MK0020526","ИСТОЧЕН","КАРБИНЦИ","РАДАЊЕ"
"MK0020527","ИСТОЧЕН","КАРБИНЦИ","РУЉАК"
"MK0020528","ИСТОЧЕН","КАРБИНЦИ","ТАРИНЦИ"
"MK0020529","ИСТОЧЕН","КАРБИНЦИ","ЦРВУЛЕВО"
"MK0070314","СЕВЕРОИСТОЧЕН","КУМАНОВО","ДОЛНО КОЊАРЕ"
"MK0070315","СЕВЕРОИСТОЧЕН","КУМАНОВО","ЖИВИЊЕ"
"MK0070318","СЕВЕРОИСТОЧЕН","КУМАНОВО","К’ШАЊЕ"
"MK0070319","СЕВЕРОИСТОЧЕН","КУМАНОВО","КАРАБИЧАНЕ"
"MK0070320","СЕВЕРОИСТОЧЕН","КУМАНОВО","КЛЕЧЕВЦЕ"
"MK0070322","СЕВЕРОИСТОЧЕН","КУМАНОВО","КОЛИЦКО"
"MK0070323","СЕВЕРОИСТОЧЕН","КУМАНОВО","КОСМАТАЦ"
"MK0070324","СЕВЕРОИСТОЧЕН","КУМАНОВО","КУМАНОВО"
"MK0070325","СЕВЕРОИСТОЧЕН","КУМАНОВО","КУТЛИБЕГ"
"MK0070326","СЕВЕРОИСТОЧЕН","КУМАНОВО","КУЧКАРЕВО"
"MK0010907","ВАРДАРСКИ","ЧАШКА","ВОЈНИЦА"
"MK0010908","ВАРДАРСКИ","ЧАШКА","ГАБРОВНИК"
"MK0010106","ВАРДАРСКИ","ВЕЛЕС","ГОРНО КАЛАСЛАРИ"
"MK0010107","ВАРДАРСКИ","ВЕЛЕС","ГОРНО ОРИЗАРИ"
"MK0010108","ВАРДАРСКИ","ВЕЛЕС","ДОЛНО КАЛАСЛАРИ"
"MK0010109","ВАРДАРСКИ","ВЕЛЕС","ДОЛНО ОРИЗАРИ"
"MK0010111","ВАРДАРСКИ","ВЕЛЕС","КАРАБУЊИШТЕ"
"MK0010112","ВАРДАРСКИ","ВЕЛЕС","КРУШЈЕ"
"MK0010113","ВАРДАРСКИ","ВЕЛЕС","КУМАРИНО"
"MK0010114","ВАРДАРСКИ","ВЕЛЕС","ЛУГУНЦИ"
"MK0010115","ВАРДАРСКИ","ВЕЛЕС","МАМУТЧЕВО"
"MK0070117","СЕВЕРОИСТОЧЕН","КРАТОВО","ЛУКОВО"
"MK0070118","СЕВЕРОИСТОЧЕН","КРАТОВО","МУШКОВО"
"MK0070119","СЕВЕРОИСТОЧЕН","КРАТОВО","НЕЖИЛОВО"
"MK0070120","СЕВЕРОИСТОЧЕН","КРАТОВО","ПЕНДАК"
"MK0070121","СЕВЕРОИСТОЧЕН","КРАТОВО","ПРИКОВЦИ"
"MK0070122","СЕВЕРОИСТОЧЕН","КРАТОВО","СЕКУЛИЦА"
"MK0070127","СЕВЕРОИСТОЧЕН","КРАТОВО","ТРНОВАЦ"
"MK0070128","СЕВЕРОИСТОЧЕН","КРАТОВО","ТУРАЛЕВО"
"MK0070129","СЕВЕРОИСТОЧЕН","КРАТОВО","ФИЛИПОВЦИ"
"MK0070130","СЕВЕРОИСТОЧЕН","КРАТОВО","ШЛЕГОВО"
"MK0070131","СЕВЕРОИСТОЧЕН","КРАТОВО","ШОПСКО РУДАРЕ"
"MK0070202","СЕВЕРОИСТОЧЕН","КРИВА ПАЛАНКА","БАШТЕВО"
"MK0070203","СЕВЕРОИСТОЧЕН","КРИВА ПАЛАНКА","БОРОВО"
"MK0070204","СЕВЕРОИСТОЧЕН","КРИВА ПАЛАНКА","ВАРОВИШТЕ"
"MK0070205","СЕВЕРОИСТОЧЕН","КРИВА ПАЛАНКА","ГАБАР"
"MK0070206","СЕВЕРОИСТОЧЕН","КРИВА ПАЛАНКА","ГОЛЕМА ЦРЦОРИЈА"
"MK0070207","СЕВЕРОИСТОЧЕН","КРИВА ПАЛАНКА","ГРАДЕЦ"
"MK0070208","СЕВЕРОИСТОЧЕН","КРИВА ПАЛАНКА","ДЛАБОЧИЦА"
"MK0070209","СЕВЕРОИСТОЧЕН","КРИВА ПАЛАНКА","ДОБРОВНИЦА"
"MK0070210","СЕВЕРОИСТОЧЕН","КРИВА ПАЛАНКА","ДРЕНАК"
"MK0070211","СЕВЕРОИСТОЧЕН","КРИВА ПАЛАНКА","ДРЕЊЕ"
"MK0070212","СЕВЕРОИСТОЧЕН","КРИВА ПАЛАНКА","ДУРАЧКА РЕКА"
"MK0070213","СЕВЕРОИСТОЧЕН","КРИВА ПАЛАНКА","ЖИДИЛОВО"
"MK0070214","СЕВЕРОИСТОЧЕН","КРИВА ПАЛАНКА","КИСЕЛИЦА"
"MK0070219","СЕВЕРОИСТОЧЕН","КРИВА ПАЛАНКА","КРКЉА"
"MK0070220","СЕВЕРОИСТОЧЕН","КРИВА ПАЛАНКА","КРСТОВ ДОЛ"
"MK0070221","СЕВЕРОИСТОЧЕН","КРИВА ПАЛАНКА","ЛОЗАНОВО"
"MK0070222","СЕВЕРОИСТОЧЕН","КРИВА ПАЛАНКА","ЛУКЕ"
"MK0020104","ИСТОЧЕН","БЕРОВО","ДВОРИШТЕ"
"MK0020105","ИСТОЧЕН","БЕРОВО","МАЧЕВО"
"MK0010804","ВАРДАРСКИ","СВЕТИ НИКОЛЕ","БОГОСЛОВЕЦ"
"MK0010805","ВАРДАРСКИ","СВЕТИ НИКОЛЕ","БУРИЛОВЦИ"
"MK0010806","ВАРДАРСКИ","СВЕТИ НИКОЛЕ","ГОРНО ЃУЃАНЦЕ"
"MK0010807","ВАРДАРСКИ","СВЕТИ НИКОЛЕ","ГОРНО ЦРНИЛИШТЕ"
"MK0010808","ВАРДАРСКИ","СВЕТИ НИКОЛЕ","ГОРОБИНЦИ"
"MK0010809","ВАРДАРСКИ","СВЕТИ НИКОЛЕ","ДЕЛИСИНЦИ"
"MK0010810","ВАРДАРСКИ","СВЕТИ НИКОЛЕ","ДОЛНО ЃУЃАНЦЕ"
"MK0010811","ВАРДАРСКИ","СВЕТИ НИКОЛЕ","ДОЛНО ЦРНИЛИШТЕ"
"MK0010822","ВАРДАРСКИ","СВЕТИ НИКОЛЕ","ОРЕЛ"
"MK0070123","СЕВЕРОИСТОЧЕН","КРАТОВО","СТРАЦИН"
"MK0070124","СЕВЕРОИСТОЧЕН","КРАТОВО","ТАЛАШМАНЦЕ"
"MK0070125","СЕВЕРОИСТОЧЕН","КРАТОВО","ТАТОМИР"
"MK0070126","СЕВЕРОИСТОЧЕН","КРАТОВО","ТОПОЛОВИЌ"
"MK0031016","ЈУГОЗАПАДЕН","ОХРИД","ОПЕНИЦА"
"MK0031017","ЈУГОЗАПАДЕН","ОХРИД","ОРМАН"
"MK0010816","ВАРДАРСКИ","СВЕТИ НИКОЛЕ","МАКРЕШ"
"MK0010817","ВАРДАРСКИ","СВЕТИ НИКОЛЕ","МАЛИНО"
"MK0010818","ВАРДАРСКИ","СВЕТИ НИКОЛЕ","МЕЗДРА"
"MK0010819","ВАРДАРСКИ","СВЕТИ НИКОЛЕ","МЕЧКУЕВЦИ"
"MK0010820","ВАРДАРСКИ","СВЕТИ НИКОЛЕ","МУСТАФИНО"
"MK0010821","ВАРДАРСКИ","СВЕТИ НИКОЛЕ","НЕМАЊИЦА"
"MK0010823","ВАРДАРСКИ","СВЕТИ НИКОЛЕ","ПАВЛЕШЕНЦИ"
"MK0010824","ВАРДАРСКИ","СВЕТИ НИКОЛЕ","ПАТЕТИНО"
"MK0010825","ВАРДАРСКИ","СВЕТИ НИКОЛЕ","ПЕШИРОВО"
"MK0010826","ВАРДАРСКИ","СВЕТИ НИКОЛЕ","ПРЕОД"
"MK0010827","ВАРДАРСКИ","СВЕТИ НИКОЛЕ","РАНЧИНЦИ"
"MK0010828","ВАРДАРСКИ","СВЕТИ НИКОЛЕ","СВЕТИ НИКОЛЕ"
"MK0010829","ВАРДАРСКИ","СВЕТИ НИКОЛЕ","СОПОТ"
"MK0020708","ИСТОЧЕН","МАКЕДОНСКА КАМЕНИЦА","ТОДОРОВЦИ"
"MK0010830","ВАРДАРСКИ","СВЕТИ НИКОЛЕ","СТАНУЛОВЦИ"
"MK0010831","ВАРДАРСКИ","СВЕТИ НИКОЛЕ","СТАЊЕВЦИ"
"MK0010832","ВАРДАРСКИ","СВЕТИ НИКОЛЕ","СТРОИМАНЦИ"
"MK0010833","ВАРДАРСКИ","СВЕТИ НИКОЛЕ","ТРСТЕНИК"
"MK0010901","ВАРДАРСКИ","ЧАШКА","БАЊИЦА"
"MK0010902","ВАРДАРСКИ","ЧАШКА","БИСТРИЦА"
"MK0010903","ВАРДАРСКИ","ЧАШКА","БОГОМИЛА"
"MK0010904","ВАРДАРСКИ","ЧАШКА","БУСИЛЦИ"
"MK0031018","ЈУГОЗАПАДЕН","ОХРИД","ОХРИД"
"MK0031019","ЈУГОЗАПАДЕН","ОХРИД","ПЕШТАНИ"
"MK0031021","ЈУГОЗАПАДЕН","ОХРИД","ПОДМОЉЕ"
"MK0031240","ЈУГОЗАПАДЕН","СТРУГА","ПОУМ"
"MK0031304","ЈУГОЗАПАДЕН","ЦЕНТАР ЖУПА","БРОШТИЦА"
"MK0031305","ЈУГОЗАПАДЕН","ЦЕНТАР ЖУПА","ВЛАСИЌИ"
"MK0031306","ЈУГОЗАПАДЕН","ЦЕНТАР ЖУПА","ГОЛЕМ ПАПРАДНИК"
"MK0031309","ЈУГОЗАПАДЕН","ЦЕНТАР ЖУПА","ДОЛГАШ"
"MK0050159","ПЕЛАГОНИСКИ","БИТОЛА","СРПЦИ"
"MK0050160","ПЕЛАГОНИСКИ","БИТОЛА","СТАРО ЗМИРНОВО"
"MK0010301","ВАРДАРСКИ","ДЕМИР КАПИЈА","БАРОВО"
"MK0010302","ВАРДАРСКИ","ДЕМИР КАПИЈА","БЕСВИЦА"
"MK0010303","ВАРДАРСКИ","ДЕМИР КАПИЈА","БИСТРЕНЦИ"
"MK0010304","ВАРДАРСКИ","ДЕМИР КАПИЈА","ДЕМИР КАПИЈА"
"MK0010305","ВАРДАРСКИ","ДЕМИР КАПИЈА","ДРАЧЕВИЦА"
"MK0010306","ВАРДАРСКИ","ДЕМИР КАПИЈА","ДРЕН"
"MK0010307","ВАРДАРСКИ","ДЕМИР КАПИЈА","ИБЕРЛИ"
"MK0010308","ВАРДАРСКИ","ДЕМИР КАПИЈА","КЛИСУРА"
"MK0010309","ВАРДАРСКИ","ДЕМИР КАПИЈА","КОПРИШНИЦА"
"MK0010310","ВАРДАРСКИ","ДЕМИР КАПИЈА","КОРЕШНИЦА"
"MK0010311","ВАРДАРСКИ","ДЕМИР КАПИЈА","КОШАРКА"
"MK0010312","ВАРДАРСКИ","ДЕМИР КАПИЈА","ПРЖДЕВО"
"MK0050161","ПЕЛАГОНИСКИ","БИТОЛА","СТРЕЖЕВО"
"MK0050163","ПЕЛАГОНИСКИ","БИТОЛА","ТРНОВО"
"MK0010313","ВАРДАРСКИ","ДЕМИР КАПИЈА","СТРМАШЕВО"
"MK0010314","ВАРДАРСКИ","ДЕМИР КАПИЈА","ЧЕЛЕВЕЦ"
"MK0010315","ВАРДАРСКИ","ДЕМИР КАПИЈА","ЧИФЛИК"
"MK0010401","ВАРДАРСКИ","КАВАДАРЦИ","БЕГНИШТЕ"
"MK0070614","СЕВЕРОИСТОЧЕН","СТАРО НАГОРИЧАНЕ","ДРЕНОК"
"MK0070615","СЕВЕРОИСТОЧЕН","СТАРО НАГОРИЧАНЕ","ЖЕГЉАНЕ"
"MK0070616","СЕВЕРОИСТОЧЕН","СТАРО НАГОРИЧАНЕ","ЖЕЉУВИНО"
"MK0070617","СЕВЕРОИСТОЧЕН","СТАРО НАГОРИЧАНЕ","КАНАРЕВО"
"MK0070618","СЕВЕРОИСТОЧЕН","СТАРО НАГОРИЧАНЕ","КАРЛОВЦЕ"
"MK0070619","СЕВЕРОИСТОЧЕН","СТАРО НАГОРИЧАНЕ","КОИНЦЕ"
"MK0070620","СЕВЕРОИСТОЧЕН","СТАРО НАГОРИЧАНЕ","КОКИНО"
"MK0070621","СЕВЕРОИСТОЧЕН","СТАРО НАГОРИЧАНЕ","М’ГЛЕНЦЕ"
"MK0070622","СЕВЕРОИСТОЧЕН","СТАРО НАГОРИЧАНЕ","МАКРЕШ"
"MK0070623","СЕВЕРОИСТОЧЕН","СТАРО НАГОРИЧАНЕ","МАЛОТИНО"
"MK0070624","СЕВЕРОИСТОЧЕН","СТАРО НАГОРИЧАНЕ","МЛАДО НАГОРИЧАНЕ"
"MK0070625","СЕВЕРОИСТОЧЕН","СТАРО НАГОРИЧАНЕ","НИКУЉАНЕ"
"MK0070626","СЕВЕРОИСТОЧЕН","СТАРО НАГОРИЧАНЕ","ОБЛАВЦЕ"
"MK0070627","СЕВЕРОИСТОЧЕН","СТАРО НАГОРИЧАНЕ","ОРАХ"
"MK0081208","СКОПСКИ","СОПИШТЕ","НОВА БРЕЗНИЦА"
"MK0081209","СКОПСКИ","СОПИШТЕ","ПАТИШКА РЕКА"
"MK0081210","СКОПСКИ","СОПИШТЕ","РАКОТИНЦИ"
"MK0081211","СКОПСКИ","СОПИШТЕ","СВЕТА ПЕТКА"
"MK0081213","СКОПСКИ","СОПИШТЕ","ЧИФЛИК"
"MK0081301","СКОПСКИ","СТУДЕНИЧАНИ","АЛДИНЦИ"
"MK0081302","СКОПСКИ","СТУДЕНИЧАНИ","БАТИНЦИ"
"MK0081303","СКОПСКИ","СТУДЕНИЧАНИ","ВРТЕКИЦА"
"MK0081304","СКОПСКИ","СТУДЕНИЧАНИ","ГОРНО КОЛИЧАНИ"
"MK0070306","СЕВЕРОИСТОЧЕН","КУМАНОВО","ВАК’В"
"MK0070307","СЕВЕРОИСТОЧЕН","КУМАНОВО","ВИНЦЕ"
"MK0070308","СЕВЕРОИСТОЧЕН","КУМАНОВО","ГАБРЕШ"
"MK0070309","СЕВЕРОИСТОЧЕН","КУМАНОВО","ГОРНО КОЊАРЕ"
"MK0060111","ПОЛОШКИ","БОГОВИЊЕ","РАКОВЕЦ"
"MK0060112","ПОЛОШКИ","БОГОВИЊЕ","СЕЛЦЕ КЕЧ"
"MK0060113","ПОЛОШКИ","БОГОВИЊЕ","СИНИЧАНЕ"
"MK0060114","ПОЛОШКИ","БОГОВИЊЕ","УРВИЧ"
"MK0060201","ПОЛОШКИ","БРВЕНИЦА","БЛАЦЕ"
"MK0060202","ПОЛОШКИ","БРВЕНИЦА","БРВЕНИЦА"
"MK0070310","СЕВЕРОИСТОЧЕН","КУМАНОВО","ГРАДИШТЕ"
"MK0070311","СЕВЕРОИСТОЧЕН","КУМАНОВО","Д’ЛГА"
"MK0070312","СЕВЕРОИСТОЧЕН","КУМАНОВО","ДОБРОШАНЕ"
"MK0070313","СЕВЕРОИСТОЧЕН","КУМАНОВО","ДОВЕЗЕНЦЕ"
"MK0020402","ИСТОЧЕН","ЗРНОВЦИ","ЗРНОВЦИ"
"MK0020403","ИСТОЧЕН","ЗРНОВЦИ","МОРОДВИС"
"MK0020501","ИСТОЧЕН","КАРБИНЦИ","АРГУЛИЦА"
"MK0020502","ИСТОЧЕН","КАРБИНЦИ","БАТАЊЕ"
"MK0020503","ИСТОЧЕН","КАРБИНЦИ","ВРТЕШКА"
"MK0020504","ИСТОЧЕН","КАРБИНЦИ","ГОЛЕМ ГАБЕР"
"MK0020505","ИСТОЧЕН","КАРБИНЦИ","ГОРНИ БАЛВАН"
"MK0020506","ИСТОЧЕН","КАРБИНЦИ","ГОРНО ТРОГЕРЦИ"
"MK0020507","ИСТОЧЕН","КАРБИНЦИ","ДОЛНИ БАЛВАН"
"MK0020508","ИСТОЧЕН","КАРБИНЦИ","ДОЛНО ТРОГЕРЦИ"
"MK0020509","ИСТОЧЕН","КАРБИНЦИ","ЕБЕПЛИЈА"
"MK0020510","ИСТОЧЕН","КАРБИНЦИ","ЈУНУЗЛИЈА"
"MK0020602","ИСТОЧЕН","КОЧАНИ","БЕЛИ"
"MK0070321","СЕВЕРОИСТОЧЕН","КУМАНОВО","КОКОШИЊЕ"
"MK0080202","СКОПСКИ","АРАЧИНОВО","ГРУШИНО"
"MK0020401","ИСТОЧЕН","ЗРНОВЦИ","ВИДОВИШТЕ"
"MK0031008","ЈУГОЗАПАДЕН","ОХРИД","ЗАВОЈ"
"MK0021104","ИСТОЧЕН","ШТИП","ГОРАЧИНО"
"MK0030758","ЈУГОЗАПАДЕН","КИЧЕВО","ПАТЕЦ"
"MK0010812","ВАРДАРСКИ","СВЕТИ НИКОЛЕ","ЕРЏЕЛИЈА"
"MK0010813","ВАРДАРСКИ","СВЕТИ НИКОЛЕ","КАДРИФАКОВО"
"MK0010814","ВАРДАРСКИ","СВЕТИ НИКОЛЕ","КНЕЖЈЕ"
"MK0010815","ВАРДАРСКИ","СВЕТИ НИКОЛЕ","КРУШИЦА"
"MK0010707","ВАРДАРСКИ","РОСОМАН","РИБАРЦИ"
"MK0010708","ВАРДАРСКИ","РОСОМАН","РОСОМАН"
"MK0010709","ВАРДАРСКИ","РОСОМАН","СИРКОВО"
"MK0010710","ВАРДАРСКИ","РОСОМАН","ТРСТЕНИК"
"MK0010801","ВАРДАРСКИ","СВЕТИ НИКОЛЕ","АЛАКИНЦЕ"
"MK0010802","ВАРДАРСКИ","СВЕТИ НИКОЛЕ","АМЗАБЕГОВО"
"MK0010803","ВАРДАРСКИ","СВЕТИ НИКОЛЕ","АРБАСАНЦИ"
"MK0010905","ВАРДАРСКИ","ЧАШКА","ВИТАНЦИ"
"MK0010906","ВАРДАРСКИ","ЧАШКА","ВЛАДИЛОВЦИ"
"MK0030779","ЈУГОЗАПАДЕН","КИЧЕВО","ШУТОВО"
"MK0030801","ЈУГОЗАПАДЕН","МАКЕДОНСКИ БРОД","БЕЛИЦА"
"MK0030802","ЈУГОЗАПАДЕН","МАКЕДОНСКИ БРОД","БЕНЧЕ"
"MK0040912","ЈУГОИСТОЧЕН","РАДОВИШ","КАЛУЃЕРИЦА"
"MK0050112","ПЕЛАГОНИСКИ","БИТОЛА","ГРАЕШНИЦА"
"MK0050209","ПЕЛАГОНИСКИ","ДЕМИР ХИСАР","ВИРОВО"
"MK0050942","ПЕЛАГОНИСКИ","РЕСЕН","ЦАРЕВ ДВОР"
"MK0050943","ПЕЛАГОНИСКИ","РЕСЕН","ШТРБОВО"
"MK0050714","ПЕЛАГОНИСКИ","НОВАЦИ","ГРАДЕШНИЦА"
"MK0050834","ПЕЛАГОНИСКИ","ПРИЛЕП","МАНАСТИР"
"MK0050937","ПЕЛАГОНИСКИ","РЕСЕН","РЕСЕН"
"MK0060733","ПОЛОШКИ","МАВРОВО И РОСТУША","РОСТУША"
"MK0060734","ПОЛОШКИ","МАВРОВО И РОСТУША","СЕЛЦЕ"
"MK0060735","ПОЛОШКИ","МАВРОВО И РОСТУША","СЕНЦЕ"
"MK0060736","ПОЛОШКИ","МАВРОВО И РОСТУША","СКУДРИЊЕ"
"MK0060737","ПОЛОШКИ","МАВРОВО И РОСТУША","СРЕТКОВО"
"MK0060738","ПОЛОШКИ","МАВРОВО И РОСТУША","СУШИЦА"
"MK0060739","ПОЛОШКИ","МАВРОВО И РОСТУША","ТАНУШЕ"
"MK0060740","ПОЛОШКИ","МАВРОВО И РОСТУША","ТРЕБИШТЕ"
"MK0060741","ПОЛОШКИ","МАВРОВО И РОСТУША","ТРЕСОНЧЕ"
"MK0060742","ПОЛОШКИ","МАВРОВО И РОСТУША","ЦЕРОВО"
"MK0060801","ПОЛОШКИ","ТЕАРЦЕ","БРЕЗНО"
"MK0060802","ПОЛОШКИ","ТЕАРЦЕ","ВАРВАРА"
"MK0060803","ПОЛОШКИ","ТЕАРЦЕ","ГЛОЃИ"
"MK0060804","ПОЛОШКИ","ТЕАРЦЕ","ДОБРОШТЕ"
"MK0060805","ПОЛОШКИ","ТЕАРЦЕ","ЈЕЛОШНИК"
"MK0060806","ПОЛОШКИ","ТЕАРЦЕ","ЛЕШОК"
"MK0060807","ПОЛОШКИ","ТЕАРЦЕ","НЕПРОШТЕНО"
"MK0060808","ПОЛОШКИ","ТЕАРЦЕ","НЕРАШТЕ"
"MK0060810","ПОЛОШКИ","ТЕАРЦЕ","ПРВЦЕ"
"MK0060811","ПОЛОШКИ","ТЕАРЦЕ","ПРШОВЦЕ"
"MK0060812","ПОЛОШКИ","ТЕАРЦЕ","СЛАТИНО"
"MK0081123","СКОПСКИ","САРАЈ","ШИШЕВО"
"MK0081201","СКОПСКИ","СОПИШТЕ","БАРОВО"
"MK0081202","СКОПСКИ","СОПИШТЕ","ГОВРЛЕВО"
"MK0081203","СКОПСКИ","СОПИШТЕ","ГОРНО СОЊЕ"
"MK0081204","СКОПСКИ","СОПИШТЕ","ДОБРИ ДОЛ"
